word,phonetic,translation,tag
昭和,しょうわ,（日本年号）昭和,n1
班,はん,组,n1
高名,こうめい,著名，有名；大名,n1
うやむや,うやむや,含糊，暧昧,n1
一握り,ひとにぎり,一把，少量，一小撮；轻易捏碎，轻松击败,n1
頻発,ひんぱつ,频发，屡次发生,n1
悪循環,あくじゅんかん,恶性循环,n1
イギリス,(ポ) inglez,英国,n1
オーストラリア,Australia,澳大利亚,n1
すき焼き,すきやき,寿喜烧,n1
ずらり,ずらり,（人或物）排列状,n1
ちらり,ちらり,（稍微看到）一闪，一晃；（稍微听到）略微，偶尔,n1
レコード,record,纪录；唱片,n1
魚屋,さかなや,鱼店，水产店,n1
銀,ぎん,银；银色,n1
先々週,せんせんしゅう,上上周,n1
大学院生,だいがくいんせい,硕士生,n1
露,つゆ,露水；短暂，无常,n1
グレー,gray,灰色,n1
ゲート,gate,大门,n1
サンドイッチ,sandwich,三明治；（比喻）被夹在中间,n1
テント,tent,帐篷,n1
延び延び,のびのび,拖拖拉拉,n1
ぱらぱら,ぱらぱら,（雨滴、眼泪等较轻的颗粒状物体）连续掉落状①；快速翻页时发出的声音①；稀稀落落⓪,n1
ボーイフレンド,boyfriend,男朋友；男性朋友,n1
わさび,わさび,绿芥末；山葵，辣根,n1
遺産,いさん,遗产,n1
下宿,げしゅく,寄宿，租房间住，供膳宿的公寓,n1
下着,したぎ,内衣,n1
化学,かがく,化学,n1
歌舞伎,かぶき,歌舞伎,n1
各種,かくしゅ,各种，各样,n1
渇く,かわく,渴；渴望,n1
岸,きし,岸，岸边,n1
気が付く,きがつく,注意到，发觉；清醒过来，苏醒过来,n1
叫ぶ,さけぶ,大声呼喊；呼吁，主张,n1
堅い,かたい,牢固的；肯定的；可靠的,n1
研究員,けんきゅういん,研究员,n1
語彙,ごい,词汇,n1
航空券,こうくうけん,机票,n1
最古,さいこ,最早，最古老,n1
三角,さんかく,三角，三角形,n1
紙くず,かみくず,纸屑，废纸,n1
事項,じこう,项目，事项,n1
主,おも,主要的，重点的,n1
女房,にょうぼう,（自己的）妻子，老婆,n1
小便,しょうべん,小便,n1
焼肉,やきにく,烤肉,n1
赤字,あかじ,赤字，亏空,n1
先年,せんねん,前几年,n1
扇風機,せんぷうき,电风扇,n1
存じる,ぞんじる,想，打算，认为；知道，认识,n1
大地,だいち,大地,n1
淡い,あわい,浅的，淡的；些微,n1
暖める,あたためる,弄暖和,n1
地理,ちり,地理；地理情况,n1
長ねぎ,ながねぎ,葱，大葱,n1
通じる,つうじる,通；理解；弄通；通过，经过,n1
島々,しまじま,群岛；各个岛屿,n1
年賀状,ねんがじょう,贺年卡,n1
麦,むぎ,麦，麦子,n1
髭[ひげ],ひげ,胡子；（动物的）须,n1
編み物,あみもの,编织物，编织；毛线活,n1
夜景,やけい,夜景,n1
有名人,ゆうめいじん,名人,n1
イコール,equal,等于；等号,n1
いたずら,いたずら,捉弄，恶作剧,n1
イヤリング,earring,耳环,n1
かわいがる,かわいがる,喜爱，疼爱,n1
こっそり,こっそり,悄悄地，偷偷地,n1
スマート,smart,潇洒，俊俏，苗条；高性能，尖端,n1
ゼミナール,(ド) seminar,（大学）研讨会,n1
ダブル,double,双重的，双倍的,n1
だます,だます,欺骗；哄,n1
ためる,ためる,积攒；积压,n1
チャイム,chime,（打击乐器的一种）组钟；门铃；钟声，铃声,n1
ドライヤー,dryer,吹风机,n1
パック,pack,打包，包装；做面膜；（「パックツアー」の略）包价旅行,n1
はめる,はめる,镶嵌，戴上；引诱,n1
へこむ,へこむ,凹下，瘪；无精打采；吃亏,n1
ボーナス,bonus,奖金,n1
まとまる,まとまる,归纳；谈妥；凑齐,n1
ものすごい,ものすごい,可怕的；猛烈的,n1
宛名,あてな,收信人姓名（地址）,n1
以後,いご,（在某时期）以后，之后；今后,n1
援助,えんじょ,援助，支援,n1
応対,おうたい,应对，接待，应酬,n1
下水,げすい,脏水；下水道,n1
火山,かざん,火山,n1
いじめる,いじめる,欺负，虐待,n1
蚊,か,蚊子,n1
会館,かいかん,（集会和活动的场所）会馆,n1
外科,げか,外科,n1
学費,がくひ,学费,n1
刈る,かる,割，剪,n1
関西,かんさい,关西地区,n1
及ぼす,およぼす,波及，带来，牵涉,n1
近寄る,ちかよる,靠近；亲近,n1
空,から,空；身上什么都没有；只有形式没有实质内容,n1
隙,すき,空隙；闲暇；漏洞,n1
欠勤,けっきん,缺勤，请假,n1
見かけ,みかけ,外观，外貌,n1
言い換える,いいかえる,换句话说，换种说法；重新说,n1
交際,こうさい,交往，应酬,n1
公害,こうがい,公害,n1
口癖,くちぐせ,口头禅,n1
広める,ひろめる,扩大（抽象的范围）；普及，推广,n1
国籍,こくせき,国籍,n1
砕ける,くだける,破碎，粉碎；受挫折,n1
罪,つみ,犯罪，罪过,n1
殺す,ころす,杀；忍住,n1
惨め,みじめ,凄惨，悲惨,n1
私立,しりつ,私立,n1
資金,しきん,资金,n1
失業,しつぎょう,失业,n1
失恋,しつれん,失恋,n1
住居,じゅうきょ,住所，住宅,n1
祝日,しゅくじつ,节日,n1
傷める,いためる,使损坏，弄伤,n1
賞味期限,しょうみきげん,品尝期限，有效期,n1
蒸気,じょうき,蒸汽；水蒸气,n1
尻尾,しっぽ,尾巴；末端,n1
真っ赤,まっか,通红，鲜红；纯粹,n1
人事,じんじ,人事；人世间的事,n1
水蒸気,すいじょうき,水蒸气,n1
祖先,そせん,祖先,n1
組合,くみあい,公会，行会，合作社；工会,n1
霜,しも,霜,n1
足首,あしくび,脚踝,n1
対照,たいしょう,相互对照；对比,n1
怠ける,なまける,懒惰，怠惰,n1
大気,たいき,大气,n1
大工,だいく,木匠，木工,n1
大陸,たいりく,大陆,n1
中年,ちゅうねん,（40至50岁）中年,n1
頂戴,ちょうだい,接受；吃，喝；请给,n1
爪,つめ,指甲；爪子,n1
天然,てんねん,天然，自然,n1
転がる,ころがる,滚；倒下，躺下；到处都是,n1
電線,でんせん,电线，电缆,n1
統計,とうけい,统计,n1
燃やす,もやす,燃烧；激发,n1
農村,のうそん,农村,n1
農民,のうみん,农民,n1
犯す,おかす,违反；犯罪,n1
犯罪,はんざい,犯罪,n1
肘,ひじ,肘，肘关节,n1
不幸,ふこう,不幸；委婉地表示亲人去世,n1
不注意,ふちゅうい,不小心，疏忽,n1
沸かす,わかす,烧开；使……沸腾,n1
捕まる,つかまる,被捉住；抓住，拽住,n1
暮れる,くれる,天黑；年终,n1
坊ちゃん,ぼっちゃん,令郎；小男孩，少爷,n1
防止,ぼうし,防止,n1
味見,あじみ,尝味道，尝咸淡,n1
霧,きり,雾；喷雾,n1
名詞,めいし,名词,n1
裸,はだか,裸体；裸露,n1
列島,れっとう,列岛，群岛,n1
朗らか,ほがらか,开朗，（声音）爽朗；晴朗,n1
〜隻,〜せき,……只，……艘,n1
〜殿,〜どの,……先生，……女士，……台启,n1
額,がく,……金额,n1
いじめ,いじめ,（校园）暴力，欺负，霸凌,n1
ウィンドー,window,窗户；橱窗,n1
がたがた,がたがた,（硬物相互接触的）咔嗒咔嗒①；(因为害怕或寒冷）哆哆嗦嗦地⓪,n1
癌[がん],がん,癌症；祸害,n1
こたつ,こたつ,被炉，暖炉,n1
サイエンス,science,科学，自然科学,n1
ざっくり,ざっくり,（织物的质地、手感）粗糙；（用力切开、劈开）咔嚓；裂成大块或裂口很深的样子；（讨论）粗略,n1
サラダ油,さらだゆ,色拉油,n1
すくすく,すくすく,（植物、孩子等长得快）噌噌,n1
ため息,ためいき,叹气，长吁短叹,n1
バンド,band,带子；腰带；乐队,n1
ブラウス,blouse,女式罩衫，衬衫,n1
ぷりぷり,ぷりぷり,（肉）结实而有弹力⓪；生气不开心状①,n1
ベビーカー,(和) baby car,婴儿车,n1
もくもく,もくもく,（浓烟、浓雾等）滚滚状,n1
もむ,もむ,揉；按摩；挤；讨论；担心,n1
よだれ,よだれ,口水,n1
安静,あんせい,（病人）静养,n1
一周,いっしゅう,一周；周游,n1
一方通行,いっぽうつうこう,单向通行；只传达单方面的意见,n1
引き起こす,ひきおこす,引起；扶起,n1
運行,うんこう,运行,n1
英文,えいぶん,（书面语）英文；英国文学,n1
延びる,のびる,（时间、距离、长度）延长；（时间）推迟,n1
加工,かこう,加工,n1
家屋,かおく,房屋，住房,n1
家畜,かちく,家畜,n1
我,われ,自己，自身,n1
画質,がしつ,画质,n1
解答,かいとう,解答，答案,n1
外貨,がいか,外币；进口货,n1
核,かく,核，核心；核武器,n1
学長,がくちょう,大学校长,n1
幹事,かんじ,干事；组织人员，负责人,n1
缶詰,かんづめ,罐头,n1
喜ばしい,よろこばしい,可喜的，令人高兴的,n1
喜劇,きげき,喜剧；滑稽剧,n1
気がかり,きがかり,挂念，担心,n1
起点,きてん,起点,n1
偽物,にせもの,冒牌货，赝品,n1
叫び声,さけびごえ,叫喊声，呼声,n1
驚かす,おどろかす,使吃惊；轰动,n1
勤勉,きんべん,勤勉，勤劳，勤奋,n1
緊急,きんきゅう,紧急，急迫,n1
近々,ちかぢか,不久，过几天,n1
空っぽ,からっぽ,空，空虚,n1
隅,すみ,角落,n1
形状,けいじょう,形状,n1
見かける,みかける,（偶然）看见,n1
古代,こだい,古代,n1
黒字,くろじ,盈余，赚钱,n1
恨む,うらむ,恨，抱怨；遗憾，悔恨,n1
差し込む,さしこむ,（「射し込む」とも）光线射入；（「挿し込む」とも）插入；绞痛,n1
災難,さいなん,灾难,n1
在住,ざいじゅう,居住,n1
使い道,つかいみち,用法，用途,n1
刺さる,ささる,刺，扎进；带来强烈的冲击和感动,n1
指先,ゆびさき,手指尖,n1
歯ブラシ,はぶらし,牙刷,n1
寺院,じいん,寺庙,n1
持ち運ぶ,もちはこぶ,搬运（东西）,n1
自然科学,しぜんかがく,自然科学,n1
実生活,じっせいかつ,现实生活,n1
社会科学,しゃかいかがく,社会科学,n1
弱み,よわみ,弱点，缺点,n1
弱める,よわめる,减弱，使变弱,n1
主任,しゅにん,主任,n1
手配,てはい,筹备，安排；（为了逮捕犯人的）部署,n1
修める,おさめる,学习学问、技艺等；端正行为举止,n1
重たい,おもたい,重的；沉重的,n1
書面,しょめん,书信；书面文件,n1
昇る,のぼる,升起；晋升,n1
笑い声,わらいごえ,笑声,n1
尻,しり,臀部，屁股；末尾，倒数；底部,n1
親父,おやじ,父亲；老头子；老板；头目,n1
人手,ひとで,人为，人工；人手，劳力；别人的帮忙；他人之手,n1
人出,ひとで,外出的人群,n1
水温,すいおん,水温,n1
水着,みずぎ,游衣，泳装,n1
炊飯器,すいはんき,炊饭锅，电饭煲,n1
星空,ほしぞら,星空,n1
清い,きよい,清澈；纯洁,n1
生まれ育つ,うまれそだつ,（在那里或那时）出生并成长,n1
生意気,なまいき,傲慢，狂妄，自大，不知天高地厚,n1
青少年,せいしょうねん,青少年,n1
全力,ぜんりょく,全部力量,n1
粗い,あらい,（编织物的纹路或颗粒）粗的，大的；粗糙的；粗枝大叶的，草率的,n1
損失,そんしつ,损失,n1
待合室,まちあいしつ,（车站或医院等的）等候室,n1
大いに,おおいに,非常，大量地,n1
大昔,おおむかし,远古，很久以前,n1
団地,だんち,住宅区，小区,n1
断水,だんすい,停水,n1
断定,だんてい,断定，判断,n1
着替える,きがえる,换衣服,n1
注意深い,ちゅういぶかい,小心翼翼的，小心谨慎的,n1
朝晩,あさばん,早晚；每天，经常,n1
聴講,ちょうこう,听讲，旁听,n1
長,なが,长……,n1
賃貸,ちんたい,租赁，出租,n1
怒りっぽい,おこりっぽい,爱生气的，易怒的,n1
糖分,とうぶん,糖分，甜味,n1
同,どう,同……，该……,n1
同行,どうこう,同行，一起走,n1
同窓会,どうそうかい,同学会,n1
銅,どう,铜,n1
読み物,よみもの,读物；（有内容的）可以一读的文章,n1
入れ物,いれもの,容器，器具,n1
ばかばかしい,ばかばかしい,愚蠢的，无聊的；荒谬的，离谱的,n1
かぶせる,かぶせる,蒙上，盖上，包上；嫁祸，推委,n1
被害者,ひがいしゃ,受灾者；被害人,n1
尾,お,尾巴；尾部,n1
微[ほほ]笑む,ほほえむ,微笑；花蕾绽放,n1
眉,まゆ,眉毛,n1
筆,ふで,毛笔；用毛笔写（的书法或绘画）；文章,n1
病室,びょうしつ,病房，病室,n1
病人,びょうにん,病人,n1
婦人,ふじん,妇女，女士,n1
物音,ものおと,响动，声音,n1
聞き出す,ききだす,问出；开始听,n1
片手,かたて,一只手；一只,n1
満開,まんかい,盛开，全开,n1
未成年,みせいねん,未成年,n1
民間,みんかん,民间；私营,n1
無関心,むかんしん,不关心，不感兴趣,n1
無駄遣い,むだづかい,浪费，乱花钱,n1
面倒臭い,めんどうくさい,非常麻烦的,n1
模様,もよう,花纹，图案；情况,n1
猛暑,もうしょ,炎热，酷暑,n1
網,あみ,网；法网,n1
餅,もち,年糕,n1
役員,やくいん,（团体等的）负责人；（公司的）董事,n1
躍動,やくどう,跳动，朝气蓬勃,n1
油絵,あぶらえ,油画,n1
由来,ゆらい,由来，来历；原本，本来,n1
夕暮れ,ゆうぐれ,黄昏，傍晚,n1
洋,よう,西洋……，西式……,n1
欲望,よくぼう,欲望,n1
頼りない,たよりない,无依无靠，令人不安；不可靠，不可信赖,n1
離婚,りこん,离婚,n1
粒,つぶ,颗粒，圆粒,n1
例える,たとえる,比喻，比作,n1
連日,れんじつ,连日，接连几天,n1
解かす,とかす,梳理,n1
いびき,いびき,鼾声,n1
論じる,ろんじる,论述，说明；讨论，争论；论，问，管,n1
輪,わ,圆圈，圆形；车轮,n1
くぎ,くぎ,钉子,n1
さじ,さじ,勺子,n1
要領,ようりょう,要点，要领；窍门，诀窍,n1
為[な]す,なす,做，为,n1
ざらざら,ざらざら,粗糙，不光滑；（粗糙颗粒状的物体相互接触发出声音）哗啦哗啦,n1
水平,すいへい,水平；平衡,n1
可決,かけつ,赞成，通过,n1
方言,ほうげん,方言，土话,n1
不利,ふり,不利，不妙,n1
図表,ずひょう,图表；曲线图，坐标图,n1
複写,ふくしゃ,复印，复制,n1
署名,しょめい,署名，签名,n1
体系,たいけい,体系，系统,n1
しきりに,しきりに,屡次，频繁地；强烈，深深地,n1
クレーム,claim,索赔；投诉，抱怨,n1
詫[わ]びる,わびる,道歉，谢罪,n1
功績,こうせき,功绩，功业,n1
会合,かいごう,集合，集会,n1
洗面台,せんめんだい,洗脸池,n1
先祖,せんぞ,祖先，祖宗,n1
利害,りがい,利害，得失,n1
大木,たいぼく,大树，巨树,n1
物置,ものおき,库房，储藏室,n1
記号,きごう,记号，符号,n1
傑作,けっさく,杰作，名作；奇妙有趣,n1
一人前,いちにんまえ,一人份；成年；够格，独当一面,n1
難点,なんてん,难点；缺点,n1
上り,のぼり,从下往上（的路）；逆流而上；从终点到起点方向（的列车或巴士）；由地方去首都,n1
身動き,みうごき,活动身体；自由行动,n1
ねばねば,ねばねば,（手上等粘上黏东西后）黏糊糊,n1
ひとまず,ひとまず,暂且，总之,n1
くつろぐ,くつろぐ,轻松自在，放松,n1
くず,くず,碎屑；废物,n1
よこす,よこす,寄来，送来，交来；（動詞連用形＋「て」の形に付いて）……过来,n1
跡,あと,痕迹；迹象；行踪；遗迹,n1
くじける,くじける,挫伤，扭伤；气馁，消沉,n1
散々,さんざん,狠狠地，深深地；惨，糟糕，狼狈,n1
縞[しま],しま,条纹，格纹；条纹花样,n1
甚だしい,はなはだしい,非常，很,n1
澄む,すむ,清澈；清静；清晰,n1
せいぜい,せいぜい,尽可能；至多，充其量,n1
相 槌[づち],あいづち,随声附和，帮腔,n1
どける,どける,挪开，移开，腾出地方,n1
大ざっぱ,おおざっぱ,粗枝大叶的，大概的,n1
ほどよい,ほどよい,恰好的，程度刚好的,n1
田んぼ,たんぼ,田地,n1
当てはめる,あてはめる,适用，使……符合,n1
ばね,ばね,发条，弹簧；（腿、腰等的）弹性,n1
かねがね,かねがね,很久以前,n1
れんが,れんが,砖，砖块,n1
つまずく,つまずく,绊倒；受挫,n1
隕[いん]石,いんせき,陨石,n1
くよくよ,くよくよ,想不开，耿耿于怀,n1
ケア,care,照顾，护理；保养，管理；关心，照顾,n1
コンクリート,concrete,混凝土,n1
シンボル,symbol,象征；符号,n1
すっと,すっと,行动轻快地；舒畅,n1
スライド,slide,幻灯片，幻灯机；滑动，滑座,n1
ナース,nurse,护士，女护士,n1
ネットワーク,Network,网络；网状组织,n1
パーソナル,personal,个人的,n1
パフォーマンス,performance,表演，演出；效果，性能,n1
ふざける,ふざける,开玩笑；嘲弄,n1
フリーター,(和) free＋Arbeiter,靠打工维持生计的人,n1
へとへと,へとへと,筋疲力尽,n1
ぼうっと,ぼうっと,朦胧，模糊；发呆，出神；（火）熊熊燃烧,n1
マスター,master,老板；硕士；掌握,n1
マッサージ,massage,按摩,n1
みっともない,みっともない,难看的，丢脸，不体面的,n1
めっきり,めっきり,显著，明显,n1
モーター,motor,马达，发动机；车,n1
モダン,modern,现代的，流行的,n1
ヨット,yacht,帆船，游艇,n1
ランダム,random,无规则的，随机,n1
リスク,risk,危险，风险,n1
リストラ,restructuring,裁员,n1
レジャー,leisure,余暇，空闲；休闲娱乐,n1
ローン,loan,贷款,n1
圧縮,あっしゅく,压缩；缩短，缩减；（电脑）压缩,n1
為替,かわせ,外汇,n1
衣食住,いしょくじゅう,吃穿住,n1
一家,いっか,一家；全家，一家人,n1
引っ掛かる,ひっかかる,挂住；卷入；中圈套；溅到,n1
引力,いんりょく,引力，相互吸引的力,n1
衛生,えいせい,卫生,n1
園芸,えんげい,园艺，园林栽培,n1
演説,えんぜつ,演讲，演说,n1
煙突,えんとつ,烟囱,n1
応じる,おうじる,回答，同意；接受，响应；适应，按照,n1
下町,したまち,城市中位于低洼地带，商业和工业繁荣的地区,n1
架空,かくう,虚构；架空,n1
過失,かしつ,过失,n1
解雇,かいこ,解雇,n1
外交,がいこう,外交,n1
概論,がいろん,概论,n1
街角,まちかど,街角；街头,n1
垣根,かきね,栅栏，篱笆；障碍（物）,n1
殻,から,壳，外皮；取出内容物后所剩的外部部分；独自的空间,n1
学術,がくじゅつ,学术,n1
危うい,あやうい,危险的；危急的,n1
基地,きち,基地，根据地,n1
基盤,きばん,根基，基础,n1
希薄,きはく,稀薄；缺乏（某个要素）,n1
機関車,きかんしゃ,机车，火车头,n1
飢える,うえる,饥饿；渴望，渴求,n1
休息,きゅうそく,休息，放松,n1
急用,きゅうよう,急事,n1
給与,きゅうよ,给予；薪酬,n1
漁業,ぎょぎょう,渔业,n1
響き,ひびき,声音；听起来的感觉；影响,n1
琴,こと,（日本乐器）古琴，筝,n1
金庫,きんこ,金库，保险柜；金融机关，金库,n1
金銭,きんせん,金钱，货币,n1
金融,きんゆう,金融，信贷,n1
区域,くいき,区域，范围,n1
空中,くうちゅう,空中，太空中,n1
刑事,けいじ,刑警；刑事,n1
欠く,かく,缺少，缺乏；弄坏（坚硬物体的一部分）,n1
原始,げんし,原始，原初,n1
限度,げんど,限度，界限,n1
のち,のち,之后，稍后；将来；死后,n1
口実,こうじつ,借口，理由,n1
行楽,こうらく,游玩，出游,n1
合理的,ごうりてき,合理的,n1
合流,ごうりゅう,合流，汇合；会合,n1
混合,こんごう,混合，混在一起,n1
差別,さべつ,区分；歧视,n1
最先端,さいせんたん,最尖端,n1
裁判,さいばん,审理，审判,n1
三日月,みかづき,新月，月牙,n1
山林,さんりん,山林,n1
子孫,しそん,子孙，后代,n1
資本,しほん,资本,n1
持ち出す,もちだす,拿出去；提出；分担一部分费用,n1
持ち上げる,もちあげる,举起；奉承,n1
時速,じそく,时速,n1
治まる,おさまる,社会安定太平,n1
執筆,しっぴつ,执笔，写文章,n1
実例,じつれい,实例，实际的例子,n1
芝居,しばい,戏剧；演技；花招,n1
宗教,しゅうきょう,宗教,n1
出来上がり,できあがり,完成；完成情况,n1
純粋,じゅんすい,纯净，纯粹；纯粹，单纯,n1
処分,しょぶん,处理，扔掉；处分,n1
書斎,しょさい,书斋，书房,n1
女優,じょゆう,女演员，女艺人,n1
商人,しょうにん,商人，从事买卖的人,n1
消去,しょうきょ,消去，消除,n1
賞品,しょうひん,奖品,n1
障子,しょうじ,日式拉门，隔扇,n1
上旬,じょうじゅん,上旬,n1
情熱,じょうねつ,激情，热情,n1
植木,うえき,（庭院里）栽种的树；盆栽,n1
色づく,いろづく,（树叶）变红；（果实）渐熟,n1
食糧,しょくりょう,（主食等）食物，粮食,n1
心得る,こころえる,理解，明白；答应；作为修养习得,n1
診る,みる,诊查,n1
進路,しんろ,进路；前途,n1
人見知り,ひとみしり,（小孩）认生，怕生,n1
人種,じんしゅ,人种，种族,n1
図形,ずけい,图形，图示,n1
推定,すいてい,推断，估计；（法律）推定,n1
水平線,すいへいせん,水平线；地平线,n1
随筆,ずいひつ,随笔，散文,n1
杉,すぎ,杉树,n1
寸法,すんぽう,尺寸，尺码；计划，步骤，打算,n1
正味,しょうみ,实质内容，净重；真货；实价,n1
清書,せいしょ,誊清，抄写清楚,n1
誓う,ちかう,发誓，宣誓,n1
税関,ぜいかん,海关,n1
接近,せっきん,接近；靠近,n1
絶滅,ぜつめつ,灭绝；消灭，使……灭绝,n1
挿入,そうにゅう,插入,n1
逮捕,たいほ,逮捕，刑事拘留,n1
大層,たいそう,非常；夸张,n1
大半,たいはん,大半，大部分,n1
短編,たんぺん,（诗歌、小说、电影等）短篇,n1
知事,ちじ,（日本统辖和代表都、道、府、县的长官）知事,n1
地質,ちしつ,地质,n1
地盤,じばん,地面，地基，基础；地盘,n1
中世,ちゅうせい,中世纪,n1
中途,ちゅうと,中途，半途,n1
貯蔵,ちょぞう,储藏，储存,n1
彫る,ほる,雕刻；文身,n1
朝夕,あさゆう,早晨和晚上；每天，经常,n1
跳ねる,はねる,跳起；飞溅,n1
直線,ちょくせん,直线,n1
定規,じょうぎ,规尺；标准，规则,n1
適用,てきよう,适用，应用,n1
殿,との,老爷，大人,n1
田植え,たうえ,插秧,n1
電柱,でんちゅう,电线杆,n1
投書,とうしょ,投稿；（意见、批评、抱怨或期望等）写信，投书,n1
当番,とうばん,值班，当班的人,n1
陶芸,とうげい,陶瓷工艺,n1
頭脳,ずのう,脑；头脑，智力；首脑,n1
働き者,はたらきもの,干活能手，勤劳的人,n1
同期,どうき,同期；同学年；同步,n1
童話,どうわ,童话,n1
突っ込む,つっこむ,闯入；插入；深入；深究，追问,n1
肉食,にくしょく,（人）吃肉；（动物）肉食,n1
濃度,のうど,浓度,n1
納まる,おさまる,缴纳；安坐,n1
俳句,はいく,俳句,n1
売買,ばいばい,买卖,n1
剝がす,はがす,剥下，揭下,n1
博士,はかせ,博学的人；博士,n1
爆発的,ばくはつてき,爆炸性的，惊人的,n1
発射,はっしゃ,发射,n1
半径,はんけい,半径,n1
悲劇,ひげき,悲剧,n1
皮肉,ひにく,讽刺，挖苦，嘲讽,n1
必需品,ひつじゅひん,必需品,n1
標識,ひょうしき,标识，标志，标记,n1
標準,ひょうじゅん,标准；平均水平,n1
不正,ふせい,不正当，不正经,n1
武士,ぶし,武士,n1
風呂敷,ふろしき,包袱皮，用于包东西的方形布,n1
物語る,ものがたる,讲述；表明，说明,n1
噴火,ふんか,火山喷发,n1
文芸,ぶんげい,文艺；学问和技艺,n1
文脈,ぶんみゃく,文脉，语境,n1
文明,ぶんめい,文明,n1
平行,へいこう,平行,n1
呆[あき]れる,あきれる,惊呆,n1
宝石,ほうせき,宝石,n1
坊や,ぼうや,男孩；不懂世故的年轻人,n1
望遠鏡,ぼうえんきょう,望远镜,n1
冒険,ぼうけん,冒险,n1
牧畜,ぼくちく,畜牧,n1
盆,ぼん,盆，托盘；（お盆）盂兰盆节,n1
目安,めやす,大致的目标，标准,n1
目次,もくじ,目录,n1
矢印,やじるし,箭头符号,n1
役者,やくしゃ,演员；（深谙世故、善于交涉等有手腕的）人才,n1
有能,ゆうのう,有才能,n1
余分,よぶん,剩余；多余,n1
裏口,うらぐち,后门；走后门,n1
陸,りく,陆地，旱地,n1
連想,れんそう,联想,n1
老い,おい,老，衰老；老年人,n1
老後,ろうご,晚年，老年,n1
交う,かう,交织，相互，交叉，……来……去,n1
街,がい,……街,n1
強,きょう,超过……一点；强,n1
触り,さわり,触感，感觉,n1
庁,ちょう,……厅，……署,n1
あやふや,あやふや,模棱两可，含糊,n1
いささか,いささか,有点；丝毫（不）,n1
いざという時,いざというとき,紧要关头，危急时刻,n1
いじる,いじる,摆弄，抚弄，拨弄；玩赏，玩弄,n1
嘘[うそ]つき,うそつき,说谎，说谎的人,n1
おおかみ,おおかみ,狼；表面和善实际凶恶的人,n1
オークション,auction,拍卖,n1
おまけ,おまけ,减价；赠品；另外附加（的东西）,n1
カーナビ,car navigation system,汽车自动导航仪,n1
絆[きずな],きずな,纽带，羁绊,n1
毅[き]然,きぜん,毅然，坚决,n1
ぐっと,ぐっと,使劲，一口气地；……得多,n1
くみ上げる,くみあげる,舀，抽（液体）；采纳（下属或群众的要求、建议等）,n1
さえずる,さえずる,（小鸟）叽叽喳喳；喋喋不休,n1
嗜[し]好,しこう,嗜好，爱好,n1
しょんぼり,しょんぼり,垂头丧气，无精打采,n1
スケッチ,sketch,素描，写生；短篇作品,n1
雀[すずめ],すずめ,麻雀,n1
ずっしり,ずっしり,（物体）沉甸甸,n1
せかせか,せかせか,（说话、动作、态度等）急急忙忙,n1
タブー,taboo,禁忌之物，避讳的事,n1
とかく,とかく,种种，这个那个；动不动，总是；总之,n1
トラベル,travel,旅行,n1
どんより,どんより,阴沉沉；浑浊,n1
ばか,ばか,愚蠢，笨，傻，混蛋，笨蛋；非常……，过于……,n1
びくびく,びくびく,畏缩，战战兢兢，颤抖,n1
ひねる,ひねる,拧；（身体）扭动；（「頭をひねる」の形で）冥思苦想,n1
ひらひら,ひらひら,薄而轻的东西在空中摇曳的样子,n1
淵[ふち],ふち,渊，潭；深渊,n1
ふとした,ふとした,意外的，偶然的,n1
プロジェクト,project,计划，项目,n1
マッチ,match,协调；火柴；比赛,n1
やられる,やられる,受害，被害；得病；被打败,n1
やり遂げる,やりとげる,完成，干到底,n1
やり通す,やりとおす,做完，做到最后,n1
リーダーシップ,leadership,领导地位；领导能力,n1
安,やす,低……,n1
安らか,やすらか,安乐，安逸；安静，安稳,n1
引き上げる,ひきあげる,吊起；提高；撤回；提拔；返回原地,n1
引き裂く,ひきさく,（把布等）撕裂；拆散（关系）,n1
往来,おうらい,往来，徘徊；萦绕；道路；交际，来往,n1
押し出す,おしだす,推出去；突出；全体出动,n1
旺盛,おうせい,旺盛，充沛,n1
横暴,おうぼう,粗暴，残暴，蛮横,n1
音色,ねいろ,音色,n1
何とも,なんとも,怎么也（不）；没什么；真的，实在,n1
架け橋,かけはし,吊桥，浮桥；桥梁,n1
過疎,かそ,人口过少,n1
解明,かいめい,弄清楚，弄明白,n1
懐かしむ,なつかしむ,怀念，眷恋,n1
改革,かいかく,改革,n1
崖,がけ,山崖，悬崖,n1
格差,かくさ,（资格、等级、所得、价格等）差距，差别,n1
学業,がくぎょう,学业,n1
学説,がくせつ,学说,n1
活性,かっせい,活性,n1
感染,かんせん,感染；沾染,n1
歓声,かんせい,欢声，欢呼声,n1
監視,かんし,监视,n1
観賞,かんしょう,观赏,n1
館長,かんちょう,馆长,n1
丸ごと,まるごと,完整，整个,n1
奇跡,きせき,奇迹,n1
気まま,きまま,任性，随意,n1
紀元,きげん,纪元，公元,n1
貴族,きぞく,贵族；特权阶层,n1
起動,きどう,启动，开始运转,n1
議題,ぎだい,议题，讨论题目,n1
逆転,ぎゃくてん,反转；逆转,n1
宮殿,きゅうでん,宫殿,n1
給食,きゅうしょく,（学校、工厂等）供餐，提供饮食,n1
居住,きょじゅう,居住,n1
叫び,さけび,叫喊，喊声；拼命诉求,n1
強まる,つよまる,强烈起来,n1
恐れ入る,おそれいる,十分抱歉；实在不好意思；折服，拜服；惊讶，傻眼,n1
教え子,おしえご,学生，徒弟，门徒,n1
駆けつける,かけつける,急速赶到，奔赴,n1
駆使,くし,运用，操纵自如,n1
空腹,くうふく,空腹，饿肚子,n1
携わる,たずさわる,从事,n1
軽やか,かろやか,轻盈，轻松，轻快,n1
月刊,げっかん,月刊,n1
建て前,たてまえ,表面上的主义，方针，原则,n1
肩書き,かたがき,（名片等上面附加于姓名旁的）职称；（社会上的）头衔，身份，地位,n1
見違える,みちがえる,看错，判断错,n1
見回す,みまわす,环视，环顾,n1
見合い,みあい,相亲；平衡，相称,n1
見捨てる,みすてる,抛弃，弃之不顾,n1
見通す,みとおす,一直看到最后；眺望；看透；预测,n1
原則,げんそく,原则，原理,n1
原文,げんぶん,原文,n1
厳格,げんかく,严格，严肃，严厉,n1
厳粛,げんしゅく,庄严；严肃,n1
現,げん,现在的，当下的,n1
言い合う,いいあう,相互说……；争吵,n1
言い分,いいぶん,主张；不满,n1
古〜,ふる〜,古老，陈旧的，以前的,n1
古今,ここん,古今，今与昔,n1
誇る,ほこる,得意，自夸；以……为荣,n1
雇用,こよう,雇用，雇佣,n1
後世,こうせい,后世,n1
候補者,こうほしゃ,候补人员，候选人,n1
好意,こうい,好意，善意,n1
好況,こうきょう,繁荣，景气,n1
抗議,こうぎ,抗议，呼吁,n1
考古学,こうこがく,考古学,n1
行き過ぎる,いきすぎる,经过；走过头；超出限度,n1
行政,ぎょうせい,行政；政务,n1
鉱山,こうざん,矿山,n1
降水,こうすい,降水,n1
昆虫,こんちゅう,昆虫,n1
混同,こんどう,混淆，混同,n1
差し出す,さしだす,伸出，递出；寄出，派出；提交,n1
採択,さいたく,采纳，通过,n1
災い,わざわい,灾难，灾祸,n1
細工,さいく,手工艺品；玩弄伎俩，耍花招,n1
在庫,ざいこ,库存,n1
在籍,ざいせき,在学籍，在编，在册,n1
削減,さくげん,削减，减少,n1
山腹,さんぷく,山腰,n1
仕入れる,しいれる,进货，买进；取得，获得,n1
思いもよらない,おもいもよらない,出乎意料,n1
思い当たる,おもいあたる,想起来；觉得有道理,n1
思わしくない,おもわしくない,不如意的,n1
視聴,しちょう,收看；关注,n1
資産,しさん,资产,n1
自立,じりつ,自立，独立,n1
実体,じったい,实体，本质,n1
若干,じゃっかん,若干，多少，有些,n1
弱者,じゃくしゃ,弱者,n1
主催,しゅさい,主办，举办,n1
主題,しゅだい,主题，中心思想；中心旋律,n1
取り締まり,とりしまり,监管，控制，取缔,n1
手厚い,てあつい,热情的，（待遇）优厚的,n1
収支,しゅうし,收支,n1
就学,しゅうがく,就学,n1
就業,しゅうぎょう,开始工作；就业,n1
修飾,しゅうしょく,修饰，装饰,n1
終始,しゅうし,始终,n1
習性,しゅうせい,（动物）习性；（人）习惯,n1
住み着く,すみつく,定居，落户,n1
重複,ちょうふく,重复,n1
重要視,じゅうようし,重视,n1
宿命,しゅくめい,宿命，命运,n1
縮まる,ちぢまる,缩，缩小，缩短,n1
出品,しゅっぴん,（在展览会、展示会等）展出,n1
初,はつ,初次的,n1
所得,しょとく,所得，收入,n1
書き取る,かきとる,照原文写下来，记录，听写,n1
書き留める,かきとめる,写下来,n1
助言,じょげん,出主意，从旁教导,n1
勝ち抜く,かちぬく,一直竞争到取得最后胜利,n1
勝ち負け,かちまけ,输赢，胜负,n1
勝利,しょうり,胜利，成功,n1
奨励,しょうれい,鼓励,n1
少なからず,すくなからず,不少，非常,n1
昇進,しょうしん,晋升，晋级,n1
賞味,しょうみ,品味，品尝,n1
上,かみ,上游；前半个……,n1
上映,じょうえい,上映，放映,n1
乗り込む,のりこむ,搭乘，坐进；开进，进入；（气势汹汹地）进入，闯入,n1
乗り切る,のりきる,乘……越过；克服，度过,n1
織物,おりもの,织物,n1
侵害,しんがい,侵害，侵犯,n1
審査,しんさ,审查,n1
心遣い,こころづかい,关心，惦念,n1
心構え,こころがまえ,思想准备，觉悟,n1
心細い,こころぼそい,心里没底的，没把握的,n1
心得,こころえ,心得，体会；须知,n1
心ない,こころない,无情的，不为别人着想的；不解风情的；欠考虑的，无心的,n1
振り回す,ふりまわす,挥舞；滥用；显摆；（「振り回される」の形で）（被）任意摆布,n1
振るう,ふるう,挥动；充分发挥；兴旺,n1
振る舞い,ふるまい,动作，举止；请客，招待,n1
振興,しんこう,振兴,n1
新規,しんき,新的，重新,n1
新緑,しんりょく,新绿，嫩绿,n1
真夏,まなつ,盛夏,n1
診療,しんりょう,诊疗，治疗,n1
辛抱,しんぼう,忍耐,n1
人員,じんいん,人员,n1
人脈,じんみゃく,人脉,n1
人目,ひとめ,他人的眼睛，世人的眼光,n1
甚大,じんだい,巨大，很大,n1
図式,ずしき,图表,n1
推移,すいい,时间流逝；发展，变迁,n1
遂げる,とげる,完成，达到；得到某种（非预期的）结果,n1
随一,ずいいち,首屈一指，第一,n1
世帯,せたい,家，户，家庭,n1
世論,よろん,社会舆论,n1
成熟,せいじゅく,（作物）成熟；（人）发育成熟；（时机）成熟,n1
整然,せいぜん,井井有条，秩序井然,n1
星座,せいざ,星座,n1
生育,せいいく,生长，繁殖，生育和抚养,n1
生理,せいり,生理（现象）；月经,n1
盛り込む,もりこむ,盛入；加入（内容、功能等）,n1
声優,せいゆう,配音演员,n1
誠実,せいじつ,诚实，真诚,n1
青年,せいねん,青年，年轻人,n1
骨身を惜しまず,ほねみをおしまず,不辞辛劳,n1
切り開く,きりひらく,开垦，开拓；杀开；开辟，开创,n1
切り出す,きりだす,将木材或石头切割后运出；开始说重要的事情,n1
接触,せっしょく,触碰，接触；交际，联系,n1
絶つ,たつ,断绝,n1
千切れる,ちぎれる,碎，破碎；被撕掉，被揪掉,n1
洗面所,せんめんじょ,盥洗室；厕所，洗手间,n1
繊維,せんい,纤维,n1
薦める,すすめる,推荐，推举,n1
素早い,すばやい,迅速的，敏捷的,n1
装飾,そうしょく,装饰，装饰物,n1
騒然,そうぜん,骚乱，吵吵嚷嚷,n1
息苦しい,いきぐるしい,呼吸困难的；苦闷，沉闷，令人窒息的,n1
速やか,すみやか,快速的，迅速的,n1
打ち出す,うちだす,打出，射出；开始敲打；提出（主张）,n1
体格,たいかく,体格,n1
対称,たいしょう,对称,n1
対戦,たいせん,对战，交锋,n1
待遇,たいぐう,对待，服务；待遇,n1
態勢,たいせい,态势，状态，准备,n1
退会,たいかい,退会,n1
大人げない,おとなげない,不成熟的，幼稚的,n1
大役,たいやく,重大使命，艰巨任务,n1
炭,すみ,炭，木炭,n1
値下げ,ねさげ,减价，降价,n1
地区,ちく,地区，地域,n1
地道,じみち,脚踏实地,n1
中途半端,ちゅうとはんぱ,半途而废，不明确，不彻底,n1
忠告,ちゅうこく,忠告，劝告,n1
超〜,ちょう〜,特别……；超……,n1
超す,こす,超过；超出,n1
長生き,ながいき,长寿，长生不老,n1
長続き,ながつづき,持久，长久保持,n1
直〜,じか〜,直接……,n1
追求,ついきゅう,追求,n1
程遠い,ほどとおい,很远的；相距甚远的,n1
ほど近い,ほどちかい,不太远的，比较近的,n1
転回,てんかい,转向，翻转,n1
都度,つど,（前接连体修饰）每次，每当,n1
倒産,とうさん,倒闭，破产,n1
当店,とうてん,本店,n1
当分,とうぶん,暂时，目前,n1
踏み切る,ふみきる,起跳；下决心付诸实施,n1
逃避,とうひ,躲避，逃避,n1
匿名,とくめい,匿名,n1
特産,とくさん,特产,n1
特有,とくゆう,特有,n1
独自,どくじ,独自；独特,n1
肉眼,にくがん,肉眼,n1
入浴,にゅうよく,沐浴,n1
年配,ねんぱい,大致的年龄；年龄大,n1
念のため,ねんのため,保险起见,n1
粘り強い,ねばりづよい,黏性大，Q弹；有毅力,n1
派遣,はけん,派遣,n1
拝借,はいしゃく,（谦让语）借,n1
排除,はいじょ,排除，除掉,n1
排水,はいすい,排水,n1
剝がれる,はがれる,脱落，揭下,n1
薄っぺら,うすっぺら,很薄；肤浅,n1
迫力,はくりょく,打动人心的力量，感染力,n1
縛り付ける,しばりつける,捆绑到某物上；束缚,n1
発信,はっしん,发信，发报,n1
抜き出す,ぬきだす,拔出，抽出；选出，选拔,n1
判定,はんてい,判定，作出评判,n1
繁栄,はんえい,繁荣,n1
繁殖,はんしょく,繁殖,n1
披露,ひろう,披露，公布，展示,n1
非,ひ,不……，没有……；错误，缺点，不对，不好,n1
漂う,ただよう,漂浮；充满，弥漫；徘徊,n1
品種,ひんしゅ,品种；种类,n1
浜辺,はまべ,湖边，海滨,n1
貧困,ひんこん,贫困；贫乏,n1
不確か,ふたしか,不确定，不确切,n1
不確定,ふかくてい,不确定,n1
不況,ふきょう,经济不景气，萧条,n1
不景気,ふけいき,不景气，经济萧条；愁眉不展，忧郁,n1
負,ふ,负；负极；背负；输,n1
負傷,ふしょう,负伤，受伤,n1
風習,ふうしゅう,风俗习惯,n1
風土,ふうど,风土，水土,n1
復旧,ふっきゅう,复原，恢复原状,n1
幅広い,はばひろい,宽的；广泛的,n1
紛失,ふんしつ,遗失，丢失,n1
紛争,ふんそう,纷争，纠纷,n1
閉口,へいこう,受不了，难以应付,n1
閉鎖,へいさ,关闭，封锁,n1
変革,へんかく,变革，改革,n1
変動,へんどう,变动，动荡,n1
片側,かたがわ,单侧，一侧,n1
弁論,べんろん,辩论；辩护,n1
保管,ほかん,保管,n1
保守的,ほしゅてき,保守的,n1
母国,ぼこく,祖国,n1
豊作,ほうさく,丰收,n1
膨れる,ふくれる,膨胀，鼓起；不高兴,n1
膨れ上がる,ふくれあがる,超出；肿胀,n1
無意味,むいみ,无意义，无价值，白费,n1
無邪気,むじゃき,天真烂漫，单纯,n1
綿密,めんみつ,细致，周密,n1
目撃,もくげき,目击，亲眼看到,n1
役職,やくしょく,管理职，要职；（泛指）职责，职务,n1
癒やす,いやす,医治，解除（疲劳、痛苦等）,n1
雄,おす,雄，公，牡,n1
様式,ようしき,样式，方式；一定的形式，格式；风格，格调,n1
洋風,ようふう,西式,n1
要望,ようぼう,要求，强烈希望,n1
立ち去る,たちさる,站起身离开,n1
立ち直る,たちなおる,恢复，复原；（经济）好转,n1
立ち入り,たちいり,进入,n1
流出,りゅうしゅつ,流出；外流,n1
良質,りょうしつ,优质，品质好的,n1
類似,るいじ,类似，相似,n1
励ます,はげます,鼓励，激励，勉励,n1
励み,はげみ,勤奋，努力；勉励，鼓舞,n1
恋する,こいする,恋爱，喜爱,n1
朗読,ろうどく,朗读，朗诵,n1
浪費,ろうひ,浪费，糟蹋,n1
老舗,しにせ,老店，老字号,n1
とどまる,とどまる,（留）停，停留；（止）止于，限于,n1
あたかも,あたかも,（多く、下に「～のようだ・～のごとし」などを伴って）宛如；正好（那时）,n1
あっけない,あっけない,太简单，不尽兴,n1
あっさり,あっさり,清淡；朴素；（性格）爽快；简单,n1
斡旋[あっせん],あっせん,介绍，斡旋；斡旋，居中调解,n1
ありふれる,ありふれる,常有，司空见惯,n1
いたわる,いたわる,怜恤，体贴；慰劳,n1
うっとうしい,うっとうしい,郁闷的，阴郁的；烦人的，碍眼的,n1
うんざり,うんざり,厌倦，厌烦,n1
エレガント,elegant,优雅，雅致,n1
おびえる,おびえる,胆怯，恐惧,n1
おびただしい,おびただしい,大量，浩瀚；非常，很,n1
おろそか,おろそか,敷衍，马虎,n1
お手上げ,おてあげ,束手无策,n1
かき回す,かきまわす,搅拌；搅乱,n1
嵩張[かさば]る,かさばる,体积大，占地方,n1
かさむ,かさむ,（数量）增多；（体积）增大,n1
がっちり,がっちり,（物体）坚固，（身体）健壮；精明，用钱仔细,n1
キーワード,key word,关键词,n1
きっかり,きっかり,（时间、数量）整，正好,n1
きっちり,きっちり,没有空隙；正好；好好地,n1
キャラクター,character,个性；人物,n1
くくる,くくる,捆绑；总结,n1
ぐずぐず,ぐずぐず,磨磨蹭蹭；抱怨；松松垮垮,n1
クレーン,crane,起重机,n1
けなす,けなす,贬低，诋毁,n1
こじれる,こじれる,（事态）复杂化，恶化；病情恶化,n1
ことごとく,ことごとく,所有，全部,n1
ごまかす,ごまかす,隐瞒，敷衍；弄虚作假,n1
コンタクトレンズ,contact lens,隐形眼镜,n1
コントラスト,contrast,对比，对照,n1
サイクル,cycle,周期，循环；自行车,n1
冴[さ]える,さえる,冷峭；清澈；（头脑）清醒；精巧，灵敏,n1
さほど,さほど,（不）那么，（不）怎么,n1
シェア,share,共享；市场占有率,n1
しくじる,しくじる,失败；因过失而失去工作或地位,n1
しなやか,しなやか,柔软，柔韧；柔美，优美,n1
シナリオ,scenario,脚本，剧本,n1
しのぐ,しのぐ,抵御，忍耐；超过，胜过,n1
シビア,severe,严厉，毫不留情,n1
しぶとい,しぶとい,即使身处逆境也不气馁，顽强,n1
しょっちゅう,しょっちゅう,经常，总是,n1
すがすがしい,すがすがしい,清新舒畅，清爽,n1
スキャンダル,scandal,丑闻,n1
スタジオ,studio,摄影棚，录音室；演播室，播音室；（舞蹈、戏剧等）练习室；艺术家工作室,n1
スタミナ,stamina,精力，体力，耐力,n1
ずばり,ずばり,直言不讳，一针见血,n1
スポットライト,spotlight,聚光灯；公众瞩目的焦点,n1
すんなり,すんなり,纤细，柔美；容易，顺利,n1
ゼリー,jelly,果冻；胶状物，啫喱,n1
そびえる,そびえる,矗立，耸立,n1
それゆえ,それゆえ,所以，因此,n1
そわそわ,そわそわ,心慌，不镇静,n1
ぞんざい,ぞんざい,潦草，马虎；粗鲁，无礼,n1
たやすい,たやすい,容易，轻易,n1
チームワーク,teamwork,合作,n1
ちらっと,ちらっと,一晃，一闪；略微听到,n1
綴[つづ]る,つづる,（用线）装订，缝上；写，作；拼写,n1
てきぱき,てきぱき,麻利，爽快，利落，干脆,n1
てっきり,てっきり,（认为）一定（其实不然）,n1
トーン,tone,音调；色调,n1
とっさ,とっさ,瞬间，猛然,n1
ドライバー,driver,司机；螺丝刀；驱动程序,n1
なおさら,なおさら,更加，越发,n1
なだめる,なだめる,使平静，安抚,n1
ナプキン,napkin,餐巾；卫生巾,n1
なれなれしい,なれなれしい,（明明关系没有特别亲近，却毫不顾忌地表现出亲密的样子）狎昵,n1
にぎわう,にぎわう,热闹，兴盛,n1
にじむ,にじむ,渗，渗出；模糊；反映出，流露出,n1
ニュアンス,(フ) nuance,语气，语感；微妙的感觉,n1
ねた,ねた,（寿司等的）材料；证据；新闻报道的材料；魔术的道具,n1
ねだる,ねだる,缠着要，赖着请求,n1
ノウハウ,knowhow,技术知识，技术秘密；诀窍,n1
のどか,のどか,恬静，和煦,n1
はかない,はかない,短暂的，无常的；虚幻的，不可靠的,n1
はしゃぐ,はしゃぐ,（开心地）喧闹；干燥,n1
馳[は]せる,はせる,驱车，策马；驰名,n1
バッジ,badge,徽章，纪念章,n1
ばてる,ばてる,筋疲力尽,n1
バブル,bubble,泡沫,n1
はらむ,はらむ,怀孕；孕育,n1
ハンガー,hanger,衣架,n1
ひそか,ひそか,暗中，偷偷,n1
ヒット,hit,（棒球的）安打；大受欢迎,n1
日なた,ひなた,向阳处,n1
ひんやり,ひんやり,阴凉，凉爽,n1
フィルター,filter,过滤器；滤镜,n1
ペア,pair,一双，一对,n1
茫[ぼう]然,ぼうぜん,茫然；发呆,n1
呆[ぼう]然,ぼうぜん,愕然，吃惊，目瞪口呆,n1
ぼける,ぼける,（头脑）迟钝,n1
ポジション,position,地位，职位；（防守）位置,n1
ぼやく,ぼやく,发牢骚,n1
ぼやける,ぼやける,模糊,n1
まちまち,まちまち,形形色色，各不相同,n1
まばら,まばら,稀疏，零星,n1
むなしい,むなしい,空洞的；徒然的；变幻无常的,n1
めきめき,めきめき,（提高）显著，迅速,n1
めど,めど,目标，头绪,n1
メロディー,melody,旋律，曲调,n1
もがく,もがく,挣扎；焦急,n1
もくろむ,もくろむ,谋划，图谋,n1
もどかしい,もどかしい,心急如焚的，令人不耐烦的,n1
モニター,monitor,监视器；显示器，屏幕；评论员①,n1
もめる,もめる,发生争执；心神不定,n1
もろい,もろい,脆的；脆弱的,n1
やたら,やたら,胡乱，随便，任意,n1
ややこしい,ややこしい,麻烦的，复杂的，难办的,n1
やりくり,やりくり,设法安排，筹划，筹措,n1
やんわり,やんわり,柔软地；委婉地,n1
ユーザー,user,用户,n1
ゆがめる,ゆがめる,使弯曲变形；歪曲,n1
ゆとり,ゆとり,（空间、时间、经济、精神上）宽裕，余裕,n1
横ばい,よこばい,横着爬；（经济）没有浮动，持平,n1
善し 悪[あ]し,よしあし,好坏，善恶；有好也有坏，有利也有弊,n1
よそ見,よそみ,斜视，往旁处看,n1
よみがえる,よみがえる,复活；恢复,n1
ランク,rank,（排）次序,n1
ランプ,lamp,煤油灯；电灯,n1
リード,lead,领导；领先,n1
ルーズ,loose,松懈，懒散,n1
ルート,route,路线；途径,n1
レイアウト,layout,版面设计；配置，布局,n1
レバー,lever,控制杆，操纵杆,n1
ろくに,ろくに,（不）像样，（不）令人满意,n1
愛顧,あいこ,光顾，惠顾,n1
愛想,あいそ,亲切，和蔼；招待，款待,n1
悪人,あくにん,坏人,n1
圧迫,あっぱく,压迫，压制,n1
圧力,あつりょく,压力,n1
安っぽい,やすっぽい,廉价的；庸俗的，让人瞧不起的,n1
暗示,あんじ,提示，暗示,n1
案じる,あんじる,担心，挂念；思考，想出,n1
依存,いそん,依靠，依存,n1
偉業,いぎょう,伟业,n1
委ねる,ゆだねる,委托；委身,n1
委託,いたく,委托,n1
意気,いき,意气，精神，气势,n1
意気込む,いきごむ,振奋，鼓起干劲,n1
意向,いこう,意向，打算,n1
異議,いぎ,异议,n1
異動,いどう,（职位或职务等）变动，调动,n1
遺跡,いせき,遗址，遗迹,n1
一概に,いちがいに,（不能）一概,n1
一貫,いっかん,一贯,n1
一筋,ひとすじ,一条，一根；一心一意,n1
一昔,ひとむかし,往昔，昔日，过去,n1
一息,ひといき,一次呼吸；歇口气；一口气；（稍加）一把劲,n1
一途,いちず,专心，一心一意,n1
一目,いちもく,一看，一眼,n1
一覧,いちらん,一览；一览表,n1
一律,いちりつ,一律，一样,n1
一連,いちれん,一系列，一连串,n1
逸材,いつざい,卓越的人才，卓越的才能,n1
引きずる,ひきずる,拖着走；强行拖走；拖延；忘不掉,n1
引き付ける,ひきつける,吸引；（「惹き付ける」とも）诱惑,n1
雨水,あまみず,雨水,n1
渦,うず,漩涡；混乱状态,n1
運搬,うんぱん,搬运，运输,n1
運用,うんよう,运用，活用,n1
営む,いとなむ,经营；营生；营，办；营造，建造,n1
映える,はえる,映照，闪耀；显眼，夺目,n1
栄える,さかえる,繁荣，兴旺,n1
演出,えんしゅつ,导演；组织，安排,n1
汚職,おしょく,贪污，渎职,n1
押し寄せる,おしよせる,涌上来，蜂拥而至；推到一旁,n1
押し切る,おしきる,压着切断；不顾困难而行，坚持到底,n1
横顔,よこがお,侧脸；人物简介,n1
屋敷,やしき,房屋和地产；宅邸,n1
温和,おんわ,（气候）温暖，温和；（性格）温和，稳重,n1
下地,したじ,基础；底子；资质，素质,n1
化ける,ばける,化，变；乔装，化装；完全变成其他东西,n1
化石,かせき,化石；（比喻）变成石头似的,n1
仮説,かせつ,假说，假设,n1
何げない,なにげない,无意，不经意，若无其事,n1
何とぞ,なにとぞ,请，务必,n1
加入,かにゅう,加入，参加（团体或组织等）,n1
加味,かみ,加佐料；加进，放进，掺加,n1
果て,はて,尽头；最后，结局,n1
果てる,はてる,终，完毕；死；……得要死,n1
河川,かせん,河,n1
箇条書き,かじょうがき,分条写,n1
花びら,はなびら,花瓣,n1
荷造り,にづくり,打包,n1
華やか,はなやか,华丽；辉煌,n1
過ち,あやまち,错误，过失,n1
過密,かみつ,过于密集,n1
画期的,かっきてき,划时代的,n1
介入,かいにゅう,介入，干涉,n1
解除,かいじょ,解除,n1
懐く,なつく,接近，亲近，驯服,n1
改定,かいてい,修改，重新规定,n1
海辺,うみべ,海边，海滨,n1
開拓,かいたく,开垦；开拓,n1
階層,かいそう,阶层,n1
害虫,がいちゅう,害虫,n1
街頭,がいとう,街头,n1
該当,がいとう,符合,n1
拡散,かくさん,扩散,n1
革新,かくしん,革新,n1
楽譜,がくふ,乐谱,n1
割り当てる,わりあてる,分配，分摊,n1
活性化,かっせいか,激活，搞活；（生化）活化,n1
滑稽,こっけい,滑稽,n1
勘弁,かんべん,饶恕，容忍,n1
寛容,かんよう,宽恕，宽容,n1
感慨,かんがい,感慨,n1
感触,かんしょく,触感；感觉,n1
慣らす,ならす,使习惯，使适应；（馴らす）使动物亲近人类,n1
慣習,かんしゅう,习惯，习俗,n1
甘える,あまえる,撒娇；承蒙，利用……的机会,n1
簡素,かんそ,简单，简朴,n1
緩む,ゆるむ,松弛；疏忽；缓和,n1
緩める,ゆるめる,放松；放慢；疏忽,n1
緩和,かんわ,缓和，缓解,n1
肝,きも,五脏六腑；肝脏；胆量；要点,n1
貫く,つらぬく,贯通；贯彻,n1
還元,かんげん,还原，复原，归还；（化学）还原,n1
間際,まぎわ,（前接名词）正要做某事的时候,n1
間柄,あいだがら,（人与人的）关系,n1
陥る,おちいる,落入；陷入,n1
眼差し,まなざし,目光，眼神,n1
危ぶむ,あやぶむ,担心会出现不好的结果，觉得危险，感到担忧,n1
器,うつわ,容器；才干，人才,n1
寄贈,きぞう,赠予，捐赠,n1
寄与,きよ,贡献,n1
幾多,いくた,许多,n1
機構,きこう,机构，组织；构造，结构,n1
気まぐれ,きまぐれ,心血来潮，任性；反复无常，变化无常,n1
気質,きしつ,气质，性情,n1
規格,きかく,规格,n1
規制,きせい,限制，规定,n1
規範,きはん,规范，标准,n1
規約,きやく,规章，章程,n1
記載,きさい,记载，刊载,n1
記述,きじゅつ,记述,n1
記名,きめい,记名，写上姓名,n1
起源,きげん,起源,n1
起伏,きふく,起伏；跌宕,n1
軌道,きどう,轨道,n1
偽造,ぎぞう,伪造,n1
技能,ぎのう,技能，本领,n1
欺く,あざむく,欺骗；胜似,n1
犠牲,ぎせい,牺牲；受害者,n1
脚色,きゃくしょく,改编成戏剧或电影；夸张,n1
脚本,きゃくほん,脚本，剧本,n1
丘陵,きゅうりょう,丘陵,n1
吸い上げる,すいあげる,抽上来；榨取（他人利益）；听取（一般民众的）意见,n1
せかす,せかす,催促,n1
究極,きゅうきょく,究竟，最终,n1
窮屈,きゅうくつ,狭小；拘束；死板,n1
拒絶,きょぜつ,拒绝,n1
拠点,きょてん,基地，据点,n1
許容,きょよう,容许，接受,n1
享受,きょうじゅ,享受,n1
共存,きょうそん,共存,n1
凶作,きょうさく,歉收,n1
協調,きょうちょう,利害或立场不同的人互相让步，彼此合作,n1
強いて,しいて,强迫，硬要,n1
強いる,しいる,强迫,n1
強硬,きょうこう,强硬,n1
強制,きょうせい,强制，强迫,n1
橋渡し,はしわたし,架桥；牵线搭桥,n1
脅す,おどす,威胁，恐吓,n1
郷土,きょうど,乡土，故乡；乡间,n1
郷里,きょうり,故乡，老家,n1
仰ぐ,あおぐ,仰视；尊为，推为；请求；饮，服,n1
凝らす,こらす,集中，一心钻研,n1
業界,ぎょうかい,业界,n1
業者,ぎょうしゃ,工商业者，专业公司；同业者,n1
極まる,きわまる,穷尽，极端；（前接形容动词）极致，极限,n1
勤まる,つとまる,能胜任，能完成,n1
均等,きんとう,均等,n1
禁物,きんもつ,忌讳；切忌,n1
近郊,きんこう,近郊，郊区,n1
近隣,きんりん,近邻，邻近,n1
金 槌[づち],かなづち,铁锤；（すぐ水に沈むことから）不会游泳的人,n1
吟味,ぎんみ,斟酌，仔细挑选,n1
愚か,おろか,愚蠢,n1
群衆,ぐんしゅう,群众,n1
傾斜,けいしゃ,倾斜；倾向,n1
形態,けいたい,形态,n1
掲げる,かかげる,悬挂，高举；提出；刊登,n1
経歴,けいれき,经历，履历,n1
経路,けいろ,途径，路线,n1
警戒,けいかい,警戒，防范,n1
軽快,けいかい,轻快；轻松愉快,n1
軽減,けいげん,减轻,n1
軽率,けいそつ,轻率，草率,n1
劇団,げきだん,剧团，剧院,n1
激減,げきげん,急剧减少,n1
欠如,けつじょ,缺乏，缺少,n1
決算,けっさん,结账，结算,n1
潔い,いさぎよい,果断，痛快,n1
結合,けつごう,结合，连接,n1
結成,けっせい,结成，组成,n1
結束,けっそく,团结；捆扎,n1
月謝,げっしゃ,每个月的学费,n1
堅実,けんじつ,牢靠，稳妥,n1
権威,けんい,权威，权势；权威，泰斗,n1
権限,けんげん,权限；职权范围,n1
研ぐ,とぐ,磨（刀）；淘（米）,n1
見合わせる,みあわせる,互相看；互相比较，对照；暂缓,n1
見習う,みならう,学习，模仿,n1
見どころ,みどころ,值得一看的地方；前程,n1
見地,けんち,见地，观点，角度,n1
見当たる,みあたる,看（不）到，找（不）到,n1
見落とす,みおとす,看漏，忽略,n1
賢明,けんめい,贤明，明智,n1
顕著,けんちょ,显著，明显,n1
元来,がんらい,原来，原本,n1
原型,げんけい,原型，模型,n1
厳か,おごそか,庄严，肃穆，郑重,n1
厳密,げんみつ,严格，严密,n1
言い張る,いいはる,坚决主张，固执己见,n1
呼び起こす,よびおこす,叫醒；唤起,n1
固有,こゆう,固有，特有,n1
孤立,こりつ,孤立,n1
戸惑い,とまどい,困惑，不知所措,n1
誇張,こちょう,夸张，夸大,n1
悟る,さとる,领悟，察觉,n1
誤差,ごさ,误差；差错,n1
交える,まじえる,掺杂；交叉；交换,n1
交易,こうえき,交易，贸易,n1
交互,こうご,互相，交替,n1
交付,こうふ,交付，发给，颁发,n1
口コミ,くちコミ,口头传播，街谈巷议,n1
口頭,こうとう,口头,n1
巧み,たくみ,巧妙；技巧,n1
巧妙,こうみょう,巧妙,n1
広報,こうほう,宣传，报导,n1
拘束,こうそく,拘留；束缚，限制,n1
控える,ひかえる,等候；节制；记下；临近,n1
構える,かまえる,修建，修筑；摆出（某种态度或姿势）,n1
荒っぽい,あらっぽい,（荒）粗暴的，粗鲁的；（粗）粗糙的,n1
購買,こうばい,购买,n1
高原,こうげん,高原,n1
高低,こうてい,高低；起伏，上下,n1
合意,ごうい,双方意见一致,n1
合成,ごうせい,合成,n1
合致,がっち,一致，合乎，符合,n1
合併,がっぺい,合并,n1
告げる,つげる,（口头）告知；宣告（结束）,n1
告白,こくはく,坦白，交代，表白,n1
今更,いまさら,事到如今；现在重新,n1
根底,こんてい,根本，基础,n1
魂,たましい,灵魂；精力,n1
差額,さがく,差额,n1
砂利,じゃり,小石头，沙砾,n1
座談会,ざだんかい,座谈会,n1
再現,さいげん,再现，模拟,n1
採算,さいさん,（收支的）核算,n1
細やか,こまやか,周到，细致；细腻，深厚,n1
細胞,さいぼう,细胞,n1
裁く,さばく,（根据法律）审判，裁判,n1
財政,ざいせい,财政；经济情况,n1
作戦,さくせん,策略；作战行动,n1
殺到,さっとう,蜂拥而至,n1
雑,ざつ,糙；不拘小节；杂乱无章,n1
山岳,さんがく,山岳,n1
賛美,さんび,赞美,n1
斬新,ざんしん,崭新，新颖,n1
仕える,つかえる,服侍；任职,n1
仕上がり,しあがり,完成（的结果）,n1
仕切る,しきる,隔开；掌管，主持,n1
司る,つかさどる,主管，负责（职务、任务等）；掌管，支配,n1
始末,しまつ,（事情的）始末；（坏的）结果；处理,n1
志,こころざし,志向；盛情；表示好意或谢意的礼物,n1
志す,こころざす,立志，以……为目标,n1
志向,しこう,志向，意向,n1
思いやる,おもいやる,体谅，同情；遥想，挂念,n1
指揮,しき,指挥，领导,n1
私物,しぶつ,私人物品,n1
試みる,こころみる,试着,n1
雌,めす,雌，牝，母,n1
似通う,にかよう,相仿，相似,n1
侍,さむらい,武士；有骨气的人,n1
時折,ときおり,有时，偶尔，时而,n1
次元,じげん,（数学）维度；水平，立场,n1
示唆,しさ,暗示，启示,n1
自在,じざい,自如，自在,n1
自尊心,じそんしん,自尊心,n1
自発,じはつ,自发，自愿,n1
式場,しきじょう,举行仪式的会场,n1
執着,しゅうちゃく,执著，贪恋,n1
失格,しっかく,不够格；失去资格,n1
失脚,しっきゃく,失足，下台,n1
嫉妬,しっと,嫉妒，羡慕,n1
質疑,しつぎ,质疑，质问,n1
実情,じつじょう,实际状况；真情,n1
斜面,しゃめん,斜面,n1
社交,しゃこう,社交，交际,n1
謝罪,しゃざい,谢罪，道歉,n1
遮る,さえぎる,遮挡；打断,n1
若手,わかて,年轻能干的人，青年,n1
弱気,よわき,弱，怯弱,n1
主導,しゅどう,主导,n1
取り残す,とりのこす,剩下；落伍，落后,n1
取り次ぐ,とりつぐ,转达，转交；代销,n1
取り締まる,とりしまる,管束，管制，取缔,n1
手のひら,てのひら,手掌,n1
手がかり,てがかり,（攀爬时）抓处，抓手；线索，头绪,n1
手際,てぎわ,（处理事物的）方法，技巧；本领,n1
手薄,てうす,手头缺少物品、金钱或人手,n1
手分け,てわけ,分头，分工,n1
手法,しゅほう,手法，方法,n1
趣,おもむき,大致内容，旨趣；风趣，雅趣，情趣；……的情况,n1
趣旨,しゅし,主要内容，宗旨,n1
首脳,しゅのう,首脑,n1
受け継ぐ,うけつぐ,继承，传承,n1
授ける,さずける,授予，传授,n1
樹木,じゅもく,树木,n1
樹立,じゅりつ,树立,n1
収益,しゅうえき,收益,n1
収容,しゅうよう,容纳，收容,n1
修行,しゅぎょう,修行，修炼,n1
重宝,ちょうほう,方便，便利；珍视，爱惜,n1
熟練,じゅくれん,熟练,n1
出くわす,でくわす,偶遇，碰到,n1
出産,しゅっさん,生孩子,n1
出費,しゅっぴ,花费，开销,n1
潤う,うるおう,湿润；宽裕起来,n1
処置,しょち,处置，处理，措施；处理（伤口），治疗,n1
所在,しょざい,所在地；所在,n1
所持,しょじ,携带,n1
所定,しょてい,指定，规定,n1
庶民,しょみん,百姓，普通人,n1
書評,しょひょう,书评,n1
唱える,となえる,诵，念；高喊；主张,n1
承諾,しょうだく,应允，同意,n1
照合,しょうごう,对照，核查,n1
省みる,かえりみる,反省,n1
衝撃,しょうげき,冲击；震惊,n1
証言,しょうげん,证词；作证,n1
障る,さわる,妨碍；有害,n1
丈,たけ,身高，高度；长度，尺寸,n1
情緒,じょうちょ,情趣，风趣；情绪,n1
情勢,じょうせい,形势，局势,n1
条約,じょうやく,条约,n1
譲歩,じょうほ,让步,n1
織る,おる,织，编织,n1
色眼鏡,いろめがね,墨镜；有色眼镜，偏见,n1
色彩,しきさい,色彩，色调；倾向,n1
食い違う,くいちがう,不一致，有分歧；错位,n1
信念,しんねん,信念,n1
侵す,おかす,侵犯，侵入，侵害；患，侵袭,n1
寝かせる,ねかせる,哄睡；放平；闲置,n1
心がける,こころがける,留心，注意,n1
心情,しんじょう,心情,n1
振り出し,ふりだし,出发点，起点,n1
真実,しんじつ,真实情况；真的,n1
真心,まごころ,真心，诚意,n1
紳士,しんし,绅士；男士,n1
親近,しんきん,亲近；亲属；亲信,n1
進呈,しんてい,奉送，赠送,n1
進展,しんてん,进展，发展,n1
人格,じんかく,人格，人品,n1
人権,じんけん,人权,n1
人波,ひとなみ,人潮，人流,n1
迅速,じんそく,迅速,n1
推進,すいしん,推进,n1
遂行,すいこう,执行到底，完成,n1
据える,すえる,安放；使……就座；使就……职位,n1
澄ます,すます,澄清；全神贯注；装作与己无关,n1
是正,ぜせい,更正，改正，纠正,n1
制御,せいぎょ,支配，控制；调节,n1
政権,せいけん,政权,n1
正規,せいき,正规,n1
正義,せいぎ,正义,n1
清らか,きよらか,清澈；纯洁,n1
生やす,はやす,使（植物）生长；留（胡子）,n1
生涯,しょうがい,一生，生涯,n1
生気,せいき,生气，活力,n1
生死,せいし,生死,n1
生身,なまみ,活人，有血有肉的人,n1
盛大,せいだい,盛大，规模宏大,n1
精巧,せいこう,精巧，精密,n1
精密,せいみつ,精密，精确,n1
製法,せいほう,制作方法,n1
青春,せいしゅん,青春,n1
静止,せいし,静止,n1
切ない,せつない,难过的，悲痛的,n1
切れ目,きれめ,段落；间断，中断；裂缝,n1
切実,せつじつ,恳切；切实,n1
設立,せつりつ,设立，成立,n1
絶版,ぜっぱん,绝版,n1
絶望,ぜつぼう,失望，绝望,n1
占領,せんりょう,占领，占据,n1
宣言,せんげん,宣言，（正式）宣布,n1
もっぱら,もっぱら,专门，净，专心致志,n1
潜む,ひそむ,躲藏；藏在（心里）,n1
前置き,まえおき,序言，开场白,n1
前例,ぜんれい,前例，先例,n1
全盛,ぜんせい,全盛，鼎盛,n1
繕う,つくろう,修理，修缮；整理（仪容）；敷衍，掩饰,n1
措置,そち,措施，处理,n1
素朴,そぼく,朴素；单纯,n1
訴訟,そしょう,诉讼,n1
阻む,はばむ,阻挡，阻碍,n1
喪失,そうしつ,丧失,n1
壮大,そうだい,宏伟，宏大,n1
捜査,そうさ,搜查,n1
操る,あやつる,（用线等）操控；巧妙地运用，驾驭；操纵，暗中控制,n1
相場,そうば,行情，市价,n1
装う,よそおう,装扮；假装,n1
装備,そうび,装备，配备,n1
促進,そくしん,促进,n1
即する,そくする,就，适应，结合,n1
束縛,そくばく,束缚，限制,n1
存続,そんぞく,存续，延续,n1
他方,たほう,其他方面，另一方；虽然如此，但是从另一方面来看的话,n1
唾,つば,唾液，口水,n1
妥協,だきょう,妥协,n1
打ち込む,うちこむ,打进，射进；埋头，专心致志,n1
打ち切る,うちきる,（中途）停止,n1
打開,だかい,打开，打破,n1
打撃,だげき,打击；击打,n1
対談,たいだん,对谈,n1
帯びる,おびる,带有；肩负,n1
怠る,おこたる,偷懒，懈怠，疏忽,n1
滞る,とどこおる,堵塞，迟滞，拖延；拖欠,n1
滞納,たいのう,滞纳，拖欠,n1
大概,たいがい,大部分，大致；大概，概要；适度，适可而止；大致上,n1
大筋,おおすじ,梗概，主要内容,n1
大金,たいきん,巨款，巨额的钱,n1
大方,おおかた,大部分；一般人；大致；大概，或许,n1
達者,たっしゃ,精通，熟练；健康,n1
奪い取る,うばいとる,（用武力）夺取,n1
脱退,だったい,脱离，退出,n1
丹念,たんねん,精心，细心,n1
単一,たんいつ,单一,n1
担う,になう,担，挑；担负,n1
探検,たんけん,探险,n1
はじく,はじく,弹；防（水）；打（算盘）,n1
弾む,はずむ,跳，弹；起劲，激动,n1
弾力,だんりょく,弹力，弹性,n1
断つ,たつ,切断；戒,n1
断言,だんげん,断言，断定,n1
値する,あたいする,值得,n1
値打ち,ねうち,估价，评价；价值,n1
恥じらう,はじらう,害羞,n1
畜産,ちくさん,畜产,n1
着手,ちゃくしゅ,着手，开始,n1
着目,ちゃくもく,着眼，注目,n1
中傷,ちゅうしょう,中伤，诽谤,n1
中立,ちゅうりつ,中立,n1
忠実,ちゅうじつ,忠诚；忠实,n1
著書,ちょしょ,著作,n1
著名,ちょめい,著名,n1
貯蓄,ちょちく,储存，积蓄,n1
兆し,きざし,预兆，兆头,n1
張り合う,はりあう,竞争，争持，争夺,n1
懲りる,こりる,尝到苦头不想再做,n1
挑む,いどむ,挑衅；挑战,n1
挑戦,ちょうせん,挑战,n1
聴覚,ちょうかく,听觉,n1
調和,ちょうわ,协调，和谐,n1
はかどる,はかどる,进展顺利,n1
直感,ちょっかん,直觉，凭直觉感到,n1
直面,ちょくめん,面对，直面,n1
沈黙,ちんもく,沉默,n1
賃金,ちんぎん,工资，薪水,n1
陳列,ちんれつ,陈列，展览,n1
墜落,ついらく,坠落，掉下,n1
追放,ついほう,驱逐（出境），赶出；开除，革职，肃清,n1
痛感,つうかん,深感，深切认识,n1
痛切,つうせつ,痛切，深切,n1
停滞,ていたい,停滞，滞留,n1
提携,ていけい,提携，合作,n1
提唱,ていしょう,提倡,n1
天才,てんさい,天才,n1
天地,てんち,天地；世界；上下,n1
てっぺん,てっぺん,顶，顶峰,n1
展望,てんぼう,展望；眺望,n1
店頭,てんとう,铺面，门面，门市,n1
伝説,でんせつ,传说,n1
田園,でんえん,田园,n1
渡り鳥,わたりどり,候鸟；到处谋生的人,n1
途切れる,とぎれる,间断，中断,n1
土砂,どしゃ,砂土,n1
投じる,とうじる,投；献身；投入,n1
投資,とうし,投资,n1
投入,とうにゅう,投入,n1
搭乗,とうじょう,搭乘,n1
盗み,ぬすみ,偷盗，盗窃,n1
当人,とうにん,当事人，本人,n1
当選,とうせん,当选；中彩,n1
当面,とうめん,当前；面临,n1
統合,とうごう,统一，合并,n1
統制,とうせい,统制，统管,n1
踏まえる,ふまえる,踏，用力踏；根据，立足于,n1
踏み込む,ふみこむ,踏入；陷入；突然闯进；深入,n1
踏襲,とうしゅう,继承，沿用,n1
逃走,とうそう,逃跑，逃走,n1
動向,どうこう,动向,n1
同志,どうし,同志,n1
同調,どうちょう,与他人态度、意见一致,n1
堂々,どうどう,（行为举止）大大方方，堂堂正正,n1
得策,とくさく,好办法，上策,n1
特許,とっきょ,专利,n1
特権,とっけん,特权,n1
特集,とくしゅう,专刊，专集,n1
独創,どくそう,独创,n1
突っ張る,つっぱる,支撑；（肌肉）僵硬；固执己见,n1
突入,とつにゅう,冲进，闯进,n1
突破,とっぱ,突破；超过,n1
鈍る,にぶる,（刀具等）变钝；（感觉等）变迟钝,n1
内心,ないしん,内心，暗地里,n1
内訳,うちわけ,明细，细目,n1
内陸,ないりく,内陆,n1
肉体,にくたい,肉体,n1
日焼け,ひやけ,晒黑,n1
乳幼児,にゅうようじ,婴幼儿（学龄前孩子的总称）,n1
如実,にょじつ,如实，原原本本,n1
任務,にんむ,任务，职责,n1
妊娠,にんしん,怀孕，妊娠,n1
熱意,ねつい,热情，干劲,n1
年長,ねんちょう,年长,n1
念願,ねんがん,愿望，夙愿,n1
粘り,ねばり,黏性；毅力,n1
粘る,ねばる,发黏；坚持不懈,n1
悩ましい,なやましい,烦恼，恼人；迷人，妖艳,n1
納入,のうにゅう,缴纳，上缴,n1
脳裏,のうり,心里，脑海里,n1
農耕,のうこう,农耕,n1
破損,はそん,破损，损坏,n1
破裂,はれつ,破裂,n1
廃れる,すたれる,（曾经兴盛的事物）过时，衰退,n1
廃棄,はいき,废弃，废除,n1
敗北,はいぼく,战败，（比赛）失败,n1
背後,はいご,背后；背地，幕后,n1
配給,はいきゅう,配给，分配（物资）；定量供应,n1
配偶者,はいぐうしゃ,配偶,n1
配置,はいち,配置，布置，部署,n1
配分,はいぶん,分配,n1
配列,はいれつ,排列,n1
媒介,ばいかい,媒介，传播,n1
漠然,ばくぜん,含糊，暧昧，模糊,n1
発掘,はっくつ,发掘，挖掘；发现,n1
発足,ほっそく,（组织等）成立，开始活动,n1
発端,ほったん,发端，起因,n1
発話,はつわ,（语言学）发声，表达,n1
伴奏,ばんそう,伴奏,n1
判明,はんめい,判明，弄清楚,n1
半端,はんぱ,零头，尾数；不彻底；无用（的人）,n1
反響,はんきょう,回音；反响,n1
氾濫,はんらん,泛滥,n1
繁盛,はんじょう,繁荣，兴隆,n1
煩わしい,わずらわしい,烦琐的，麻烦的,n1
晩年,ばんねん,晚年,n1
悲鳴,ひめい,悲鸣；叫苦声,n1
肥料,ひりょう,肥料,n1
飛び交う,とびかう,飞来飞去,n1
表彰,ひょうしょう,表彰,n1
描写,びょうしゃ,描写，描绘，描述,n1
頻繁,ひんぱん,频繁,n1
不在,ふざい,不在，不在场,n1
不審,ふしん,可疑,n1
不当,ふとう,不正当，非法,n1
不備,ふび,不完备,n1
不服,ふふく,异议，不服,n1
不平等,ふびょうどう,不平等,n1
富む,とむ,富有；富于,n1
普遍,ふへん,普遍，一般,n1
腐敗,ふはい,腐烂；腐败,n1
負債,ふさい,负债,n1
赴く,おもむく,赴，前往；趋于，倾向,n1
赴任,ふにん,赴任,n1
武家,ぶけ,武士门第；武士,n1
風物,ふうぶつ,风景，风物,n1
復活,ふっかつ,复活；恢复，复兴,n1
復興,ふっこう,复兴,n1
覆す,くつがえす,打翻；推翻,n1
仏像,ぶつぞう,佛像,n1
分業,ぶんぎょう,分工,n1
分散,ぶんさん,分散,n1
憤る,いきどおる,愤怒，气愤，愤慨,n1
奮闘,ふんとう,奋战；奋斗,n1
粉末,ふんまつ,粉末,n1
紛れる,まぎれる,混淆；混进；排解郁闷或烦恼,n1
兵士,へいし,士兵，战士,n1
並列,へいれつ,并列，并排；并联,n1
偏見,へんけん,偏见,n1
変遷,へんせん,变迁,n1
返還,へんかん,归还，退还,n1
返済,へんさい,还钱，偿还,n1
弁解,べんかい,辩解，申辩，辩白,n1
弁償,べんしょう,赔偿,n1
保持,ほじ,保持,n1
保守,ほしゅ,保守；保养,n1
保全,ほぜん,保全,n1
捕獲,ほかく,捕获,n1
補給,ほきゅう,补给,n1
補強,ほきょう,加强，强化,n1
補充,ほじゅう,补充,n1
募る,つのる,（某种感觉）越来越厉害；招募,n1
慕う,したう,想念；景仰；追随,n1
包括,ほうかつ,包括，总括,n1
報じる,ほうじる,报答；报道,n1
報酬,ほうしゅう,报酬,n1
宝庫,ほうこ,宝库,n1
崩壊,ほうかい,崩溃，垮台,n1
捧[ささ]げる,ささげる,捧举；献上；献出,n1
放射,ほうしゃ,放射,n1
放出,ほうしゅつ,放出，喷出；发放，投放,n1
放置,ほうち,搁置，置之不理,n1
方策,ほうさく,方法，策略,n1
飽和,ほうわ,饱和，极限,n1
傍ら,かたわら,旁边；……的同时,n1
妨害,ぼうがい,妨碍,n1
暴露,ばくろ,暴露，揭露，败露,n1
冒頭,ぼうとう,开头,n1
防衛,ぼうえい,防卫，捍卫,n1
没頭,ぼっとう,埋头，专心致志,n1
本筋,ほんすじ,主要情节；本题,n1
本場,ほんば,原产地，发源地，正宗,n1
埋蔵,まいぞう,埋藏；蕴藏,n1
末期,まっき,末期，晚期,n1
慢性,まんせい,慢性,n1
満喫,まんきつ,吃饱喝足；充分享受,n1
味覚,みかく,味觉,n1
未熟,みじゅく,未熟；不成熟,n1
未知,みち,未知,n1
密集,みっしゅう,密集,n1
密度,みつど,密度；内容充实度,n1
民衆,みんしゅう,民众，群众,n1
無闇,むやみ,胡乱；过分,n1
無知,むち,一无所知；无知，愚蠢,n1
無念,むねん,（佛教）万念俱空；遗憾,n1
無能,むのう,无能,n1
むろん,むろん,不用说，当然,n1
名称,めいしょう,（事物的）名称,n1
名誉,めいよ,名誉，荣誉,n1
明暗,めいあん,（人生的）明暗，幸福与不幸；（颜色的）浓淡,n1
明白,めいはく,明显，确凿,n1
滅びる,ほろびる,消亡，灭亡，灭绝,n1
滅ぼす,ほろぼす,毁灭；使……灭亡,n1
滅亡,めつぼう,灭亡,n1
免除,めんじょ,免除，豁免,n1
面会,めんかい,见面，会面,n1
模擬,もぎ,模拟,n1
模倣,もほう,模仿,n1
猛烈,もうれつ,猛烈，激烈,n1
目覚ましい,めざましい,惊人的，异常显著的,n1
野心,やしん,野心，抱负,n1
優位,ゆうい,优势，优越地位,n1
優勢,ゆうせい,优势,n1
優美,ゆうび,优美,n1
勇敢,ゆうかん,勇敢,n1
有益,ゆうえき,有益，有意义,n1
有数,ゆうすう,屈指可数,n1
誘導,ゆうどう,引导，诱导,n1
融合,ゆうごう,融合,n1
融資,ゆうし,融资，贷款,n1
融通,ゆうずう,借贷；随机应变,n1
予言,よげん,预言,n1
余地,よち,余地,n1
揺さぶる,ゆさぶる,大幅摇动，摇晃；震惊，使……动摇,n1
揺らぐ,ゆらぐ,摇动，摇晃；摇摇欲坠，岌岌可危,n1
様相,ようそう,（事物的）状态，样子，姿态,n1
要請,ようせい,请求，要求,n1
抑圧,よくあつ,压迫，压制（行动、欲望等）,n1
抑制,よくせい,抑制，制止,n1
来訪,らいほう,来访,n1
落下,らっか,落下，掉下,n1
酪農,らくのう,乳畜业,n1
理屈っぽい,りくつっぽい,好讲理的，爱诡辩的,n1
率いる,ひきいる,带领；率领,n1
立ち会う,たちあう,见证，在场,n1
流 暢[ちょう],りゅうちょう,流畅，流利,n1
流通,りゅうつう,流通,n1
両極,りょうきょく,两极，两端；南北极；阴阳极,n1
良心,りょうしん,良心,n1
例年,れいねん,往年,n1
冷やかす,ひやかす,戏弄；逛（只看而不买）,n1
冷淡,れいたん,冷漠，不关心,n1
励む,はげむ,勤奋，努力,n1
連なる,つらなる,连绵，绵延；关系到；参加,n1
連鎖,れんさ,连锁,n1
連帯,れんたい,团结，联合，协作；连带,n1
連中,れんちゅう,伙伴，同伙,n1
露骨,ろこつ,露骨，直率；毫不留情,n1
労力,ろうりょく,劳力；劳动力,n1
朗報,ろうほう,好消息，喜讯,n1
老いる,おいる,上年纪，衰老,n1
論証,ろんしょう,论证,n1
和らげる,やわらげる,使缓和，使柔和；使语言或文章更容易理解,n1
賄う,まかなう,供给（饭食）；设法应付，勉强凑合,n1
惑う,まどう,茫然，困惑；迷恋，沉溺,n1
惑星,わくせい,行星；黑马，明日之星,n1
腕前,うでまえ,本事，才能,n1
〜がらみ,〜がらみ,与……有密切关联；包括……在内；接近,n1
〜ぐるみ,〜ぐるみ,包括……在内，全部,n1
〜ずくめ,〜ずくめ,尽是……，清一色……,n1
〜まみれ,〜まみれ,沾满……,n1
〜越し,〜ごし,隔着……；某一期间一直……,n1
圏,けん,……圈，范围,n1
陣,じん,……阵容,n1
〜ばる,〜ばる,拘泥于……,n1
派,は,……派,n1
味,み,表示药品或食材的种类,n1
身だしなみ,みだしなみ,（服装、言谈举止、态度、姿态等）注意仪表；修养艺术,n1
愛 嬌[きょう],あいきょう,可爱之处，魅力；好感，亲切,n1
相まって,あいまって,相辅相成，相互作用,n1
顕[あら]わ,あらわ,显露，表露；公然，公开；露骨，显然,n1
ありきたり,ありきたり,一般，寻常，老一套的,n1
ありとあらゆる,ありとあらゆる,所有的,n1
在り方,ありかた,应有的状态，理想的状态,n1
いかなる,いかなる,如何的，怎样的,n1
いたたまれない,いたたまれない,简直待不下去，如坐针毡,n1
インスピレーション,inspiration,灵感,n1
うなだれる,うなだれる,（因悲观、失望、担心、羞耻等）垂头丧气,n1
鵜呑[うの]み,うのみ,囫囵吞枣,n1
うろたえる,うろたえる,惊慌失措，狼狈,n1
エッセー,essay,随笔,n1
エピソード,episode,插曲；插话；逸事,n1
エリート,(フ) élite,精英,n1
エントリー,entry,报名（参加运动会等）,n1
幼なじみ,おさななじみ,青梅竹马之交；发小,n1
億劫[おっくう],おっくう,嫌麻烦，懒得,n1
自[おの]ずと,おのずと,自然而然地,n1
おぼろげ,おぼろげ,模糊，朦胧,n1
おろか,おろか,（「AはおろかB…」の形で）不用说,n1
がさがさ,がさがさ,（干燥的物体接触时的）沙沙声；粗野的（人）；干燥的,n1
かたくな,かたくな,顽固，固执,n1
がみがみ,がみがみ,唠叨,n1
がやがや,がやがや,（很多人）大声喧哗,n1
からっと,からっと,晴朗；松脆；（性格）爽朗,n1
キープ,keep,保持，保留,n1
キャリア,career,履历，经验；职业生涯,n1
クーポン,coupon,联票；优惠券,n1
クール,cool,凉快；冷静,n1
くじく,くじく,扭；挫败,n1
くしゃくしゃ,くしゃくしゃ,［ナ形］皱巴巴⓪；［ナ形］乱蓬蓬⓪；［副・自動3］心情郁闷①②,n1
くまなく,くまなく,到处，不留死角地；晴朗无云,n1
グローバル,global,全球的，全世界的,n1
コーディネート,coordinate,搭配，组合,n1
こまめ,こまめ,勤快地，经常,n1
コンマ,comma,逗号；小数点,n1
サーフィン,surfing,冲浪,n1
さらけ出す,さらけだす,暴露出，揭露,n1
さわさわ,さわさわ,（轻触薄物时发出的声音）沙沙声,n1
しがみつく,しがみつく,紧紧抱住；抓住不放手,n1
しとやか,しとやか,端庄，文静,n1
ジャーナリスト,journalist,新闻工作者,n1
ジャーナリズム,journalism,新闻界,n1
ジレンマ,dilemma,困境，进退维谷,n1
しんなり,しんなり,变软，蔫,n1
スクーター,scooter,小型摩托车,n1
スケール,scale,比例尺；规模；（人的）度量,n1
すこぶる,すこぶる,颇，非常,n1
すさまじい,すさまじい,猛烈，厉害；可怕，惊人,n1
ステータス,status,社会地位，身份,n1
ストック,stock,库存,n1
ずぶぬれ,ずぶぬれ,全身湿透,n1
スポット,spot,场所，地点,n1
スポンサー,sponsor,赞助商,n1
ずれ,ずれ,偏差；分歧,n1
スローガン,slogan,标语，口号,n1
セールスマン,salesman,推销员,n1
セルフ,self,自己,n1
そぎ落とす,そぎおとす,削减（不要的部分）,n1
そそる,そそる,引起，激起（某种感情等）,n1
そっちのけ,そっちのけ,不管不顾；优秀，出色,n1
ターミナル,terminal,终点站；机场大楼,n1
タフ,tough,顽强,n1
ためらう,ためらう,犹豫，踌躇,n1
だらだら,だらだら,（液体）往下直流；冗长；倾斜度小而长；散漫,n1
たわいない,たわいない,不省人事；轻易；不足道；天真,n1
タンク,tank,罐；坦克,n1
チャーミング,charming,有魅力，迷人,n1
てこ入れ,てこいれ,操盘，干预行情；援助,n1
デビュー,(フ) début,初次登台，初出茅庐,n1
デマ,(ド) Demagogie,诽谤，谣言,n1
どっさり,どっさり,数量多；（重物掉落）咚地一声,n1
トピック,topic,话题，主题,n1
どん底,どんぞこ,底层，最下层，最差的状态,n1
ないがしろ,ないがしろ,忽视，小看,n1
馴[な]染み,なじみ,熟悉，熟人,n1
はいはい,はいはい,（幼儿用语）爬,n1
はじける,はじける,（里面的东西因膨胀而）裂开，绽开,n1
バックアップ,backup,支援；备份,n1
パッケージ,package,包装,n1
はばかる,はばかる,怕，顾忌；横行霸道,n1
羽ばたく,はばたく,振翅，飞翔,n1
はびこる,はびこる,蔓延，丛生；横行，猖獗,n1
ばらつき,ばらつき,参差不齐；数值分布不规则,n1
贔屓[ひいき],ひいき,偏爱，偏袒，袒护,n1
ひずみ,ひずみ,歪；不良风气,n1
ひたむき,ひたむき,一心一意，专心致志,n1
ひっそり,ひっそり,寂静；默默地,n1
ひらめき,ひらめき,（在脑海里）闪现；闪烁,n1
ピンチ,pinch,紧急关头，危机,n1
ピント,(オ) brandpunt,焦距；要点,n1
ぴんと,ぴんと,立刻领会；绷紧；猛地弹起,n1
フォロー,follow,帮助；追踪；（社交媒体的）关注,n1
ブランク,blank,空白；空白期,n1
プログラミング,programming,编程,n1
ベース,base,基本，基础,n1
へま,へま,愚蠢；失败，搞砸,n1
ホース,(オ) hoos,软管，胶皮管,n1
ボクシング,boxing,拳击,n1
まだしも,まだしも,还行，还可以,n1
まとまり,まとまり,一贯性；统一；解决,n1
まとめ,まとめ,总结；汇总；调停,n1
まとも,まとも,正面；正经,n1
まんじゅう,まんじゅう,豆包；包子,n1
水たまり,みずたまり,水洼，水坑,n1
みずみずしい,みずみずしい,水灵灵的，新鲜的,n1
みっちり,みっちり,（不偷工减料地）充分（做、学习等）,n1
ミュージカル,musical,音乐的，配乐的；音乐片,n1
ミュージシャン,musician,音乐家,n1
むしゃくしゃ,むしゃくしゃ,烦恼，恼火，心烦意乱,n1
メカニズム,mechanism,机械结构；机制,n1
めそめそ,めそめそ,低声哭泣,n1
愛[め]でる,めでる,欣赏；疼爱,n1
もてなし,もてなし,接待，款待，招待,n1
やつれる,やつれる,憔悴；落魄,n1
ラグビー,rugby,橄榄球,n1
リサーチ,research,研究,n1
リストアップ,(和) list＋up,列出，列表,n1
リハビリ,rehabilitation,医疗指导，康复训练,n1
リレー,relay,接力传递,n1
レート,rate,比例，比率,n1
レギュラー,regular,正式成员，正式选手；正规，普通；普通汽油,n1
ロス,loss,浪费，损耗,n1
扱い,あつかい,操作；处理；对待,n1
安 堵[ど],あんど,放心，安心,n1
安らぐ,やすらぐ,心情平稳下来,n1
囲う,かこう,围起来；贮藏；隐匿,n1
意気込み,いきごみ,干劲，热情,n1
意味合い,いみあい,（根据前后情况或语境推测出的）含义,n1
異質,いしつ,异质，性质不同,n1
移り変わり,うつりかわり,推移，变迁,n1
萎縮,いしゅく,萎缩,n1
衣,ころも,衣服；（食物外面的）糖衣或面衣,n1
遺憾,いかん,遗憾,n1
医院,いいん,（床位不满20张的小规模）诊所,n1
育む,はぐくむ,孵蛋；养育；培养,n1
一環,いっかん,一环,n1
一苦労,ひとくろう,费一些力气,n1
一刻,いっこく,（古代时间单位，约为30分钟）一刻；片刻,n1
一人ぼっち,ひとりぼっち,孤单一人,n1
一掃,いっそう,扫除，清除,n1
一直線,いっちょくせん,一条直线，笔直，径直,n1
一任,いちにん,完全交给，全权委托,n1
一目 惚[ぼ]れ,ひとめぼれ,一见钟情,n1
逸脱,いつだつ,偏离（社会轨道、规矩等）,n1
稲刈り,いねかり,割稻子,n1
引き寄せる,ひきよせる,拉到跟前；（「惹き寄せる」とも）吸引,n1
引き継ぐ,ひきつぐ,接替；继承,n1
引き抜く,ひきぬく,拔出来；（把人才等）挖过来,n1
引き立てる,ひきたてる,鼓励；关照；强行拉走；衬托,n1
雨雲,あまぐも,雨云，乌云,n1
映し出す,うつしだす,（映）映出；（写）以绘画、文章等来表现；（映）反映出,n1
遠ざける,とおざける,使远离；疏远,n1
横着,おうちゃく,偷懒，耍滑头,n1
屋台,やたい,流动摊位，路边摊,n1
下請け,したうけ,承包，转包,n1
寡黙,かもく,沉默寡言,n1
果敢,かかん,果敢，当机立断,n1
稼働,かどう,劳动；（机器）运转,n1
過言,かごん,言过其实,n1
会心,かいしん,满意，得意,n1
解き放つ,ときはなつ,解开，放开，解放,n1
解析,かいせき,解析，分析,n1
回想,かいそう,回想,n1
回避,かいひ,回避；推卸,n1
快楽,かいらく,快乐，享乐,n1
快諾,かいだく,欣然允诺,n1
悔いる,くいる,懊悔，后悔,n1
戒める,いましめる,劝诫；戒除；警戒,n1
改修,かいしゅう,（道路、建筑等）改建，修复,n1
海底,かいてい,海底,n1
開園,かいえん,开设（公园或幼儿园等）；（公园或幼儿园等）开门,n1
開業,かいぎょう,开业；正在营业,n1
開校,かいこう,开设学校，建校,n1
外的,がいてき,外部的,n1
概観,がいかん,概览，概观,n1
概略,がいりゃく,概略，概要,n1
街灯,がいとう,街灯，路灯,n1
核心,かくしん,核心，关键,n1
隔週,かくしゅう,隔一周,n1
割り振る,わりふる,分摊，分派,n1
割り当て,わりあて,分配，分摊,n1
喚起,かんき,唤起，提醒,n1
堪能,たんのう,精通；十分满足，享受,n1
完結,かんけつ,完结，结束,n1
感銘,かんめい,铭感，铭刻在心中,n1
簡便,かんべん,简便,n1
肝要,かんよう,重要，关键,n1
鑑みる,かんがみる,鉴于,n1
閑静,かんせい,清净，幽静,n1
顔負け,かおまけ,相形见绌,n1
危惧,きぐ,危惧，担心，担忧,n1
寄り添う,よりそう,（身体）贴近，挨近,n1
気まずい,きまずい,不融洽的，不愉快的，尴尬,n1
気概,きがい,气概，气魄,n1
気遣う,きづかう,担心，挂念,n1
気合,きあい,气势，劲头,n1
気心,きごころ,性情，脾气，性格,n1
偽る,いつわる,歪曲，说谎；冒充，欺骗,n1
戯れる,たわむれる,玩耍；闹着玩；调情,n1
疑わしい,うたがわしい,可疑的；不确定,n1
議事,ぎじ,议事,n1
逆行,ぎゃっこう,逆行，倒行，退行，开倒车,n1
急 遽[きょ],きゅうきょ,匆忙，仓皇,n1
急務,きゅうむ,紧急任务，当务之急,n1
球根,きゅうこん,（植物）球根,n1
球状,きゅうじょう,球状,n1
究明,きゅうめい,调查清楚,n1
巨匠,きょしょう,（艺术领域的）巨匠，泰斗,n1
拒む,こばむ,拒绝；阻挡,n1
挙句の果て,あげくのはて,归根到底，最终,n1
漁獲,ぎょかく,捕鱼，捕捞；渔获,n1
供与,きょうよ,供给，提供,n1
競合,きょうごう,竞争,n1
凶器,きょうき,凶器,n1
強要,きょうよう,强行要求,n1
恐竜,きょうりゅう,恐龙,n1
狂気,きょうき,发疯，发狂,n1
狭める,せばめる,缩小，缩短（空间、间隔、范围等）,n1
仰天,ぎょうてん,非常吃惊,n1
凝縮,ぎょうしゅく,凝结，凝聚,n1
暁,あかつき,黎明时分；……之际,n1
局面,きょくめん,局面，局势,n1
極力,きょくりょく,极力，尽量,n1
均質,きんしつ,均质，等质,n1
緊迫,きんぱく,紧迫，紧张,n1
緊密,きんみつ,紧密，密切,n1
金具,かなぐ,小五金，金属零件,n1
駆け寄る,かけよる,跑到跟前,n1
駆除,くじょ,（用药剂等）消灭，驱除,n1
空白,くうはく,空白,n1
憩い,いこい,休息,n1
敬遠,けいえん,敬而远之，有意回避,n1
景観,けいかん,景观，风景,n1
欠航,けっこう,（船舶、飞机）停运,n1
結び付き,むすびつき,结合，联系，关系,n1
血縁,けつえん,血缘,n1
血行,けっこう,血液循环,n1
懸念,けねん,担心，惦记,n1
検閲,けんえつ,审查,n1
検証,けんしょう,验证，检验；勘验,n1
見とれる,みとれる,看入迷,n1
見栄え,みばえ,（显得）好看，美观,n1
見越す,みこす,预料，预测,n1
見境,みさかい,分辨（事物，判断善恶好坏）,n1
見極める,みきわめる,看透（事物的本质）；弄清楚,n1
見識,けんしき,见识，见地，见解,n1
見受ける,みうける,看上去（看后判断出）；看到,n1
見入る,みいる,注视，看得出神,n1
見聞,けんぶん,见闻，知识,n1
見返り,みかえり,回头看，回顾；抵押品，回报,n1
元手,もとで,本钱，本金,n1
元祖,がんそ,第一代祖先；鼻祖，创始者,n1
原点,げんてん,原点，基准点；出发点，根源,n1
原動力,げんどうりょく,动力，原动力,n1
原油,げんゆ,原油,n1
幻想,げんそう,幻想,n1
減税,げんぜい,减税,n1
現役,げんえき,现役（人员）；应届高考考生,n1
言い回し,いいまわし,措辞,n1
言い残す,いいのこす,未说完；留话，遗言,n1
言い渡す,いいわたす,（上对下）宣告，宣判,n1
言い放つ,いいはなつ,断言,n1
言及,げんきゅう,提及，说到,n1
言動,げんどう,言语和行动，言行,n1
古めかしい,ふるめかしい,古色古香的,n1
呼び寄せる,よびよせる,叫来,n1
戸惑う,とまどう,困惑，不知所措,n1
もも,もも,大腿,n1
顧問,こもん,顾问,n1
五感,ごかん,（视觉、听觉、嗅觉、味觉、触觉的）五感,n1
後ろめたい,うしろめたい,内疚，亏心,n1
後援,こうえん,后援，支援；援军,n1
誤作動,ごさどう,运转失误，控制失灵,n1
交錯,こうさく,交错，错杂,n1
効能,こうのう,效能，功效,n1
厚生,こうせい,厚生，保健,n1
口出し,くちだし,插嘴，干预,n1
工程,こうてい,工序；阶段,n1
工面,くめん,设法筹措；经济状况,n1
広大,こうだい,广阔，宏大,n1
恒例,こうれい,惯例，常规,n1
控え室,ひかえしつ,等候室，休息室,n1
更生,こうせい,更生，复兴；改过自新；废物再利用,n1
校正,こうせい,校对，校正,n1
構想,こうそう,构想，设想,n1
構築,こうちく,构筑，构建,n1
行き届く,いきとどく,周到，无微不至,n1
行く手,ゆくて,去处，前方，前途,n1
講読,こうどく,讲解,n1
高々,たかだか,高高地；高声地；顶多,n1
高額,こうがく,高额，巨额；大额,n1
高揚,こうよう,高昂,n1
克明,こくめい,细致，详细,n1
困惑,こんわく,困惑，不知所措,n1
根源,こんげん,根源,n1
差異,さい,差异，不同之处,n1
査定,さてい,评估，评定,n1
彩り,いろどり,彩色，着色；配色，色彩搭配；情趣，趣味,n1
採取,さいしゅ,采集，选取，提取,n1
歳月,さいげつ,岁月，年月,n1
細心,さいしん,细心，小心谨慎,n1
細分,さいぶん,细分，详细划分,n1
財,ざい,财产，财富；财宝,n1
作動,さどう,（机械装置）工作，发动,n1
擦り切れる,すりきれる,磨损，磨破,n1
雑貨,ざっか,杂货,n1
雑踏,ざっとう,拥挤（的人群）,n1
さらす,さらす,暴晒；暴露于,n1
山積,さんせき,堆积如山,n1
仕掛け,しかけ,开始做，做到一半；装置，机关,n1
仕業,しわざ,勾当，捣鬼,n1
仕込む,しこむ,训练，指导；（饭店、商店）进货；酿造,n1
仕分け,しわけ,区分，分类,n1
仕返し,しかえし,报复；重做,n1
市議会,しぎかい,市议会,n1
志願,しがん,志愿，报名，申请,n1
思い詰める,おもいつめる,钻牛角尖，想不开,n1
思い上がる,おもいあがる,骄傲自大,n1
思い入れ,おもいいれ,对某事有很深的感情；沉思的表情,n1
思い悩む,おもいなやむ,苦恼，发愁，伤脑筋,n1
思索,しさく,思考，思索,n1
思春期,ししゅんき,青春期,n1
指向,しこう,指向，面向,n1
指数,しすう,（经济、数学上的）指数,n1
支障,ししょう,障碍,n1
死後,しご,死后,n1
死滅,しめつ,死绝，灭绝，绝种,n1
私的,してき,私人的，个人的,n1
紫外線,しがいせん,紫外线,n1
試練,しれん,锻炼，考验,n1
歯止め,はどめ,车闸；煞住,n1
事象,じしょう,事态，现象,n1
似たり寄ったり,にたりよったり,半斤八两，大同小异,n1
字体,じたい,字体,n1
持ちかける,もちかける,提出话题，倡议,n1
持て余す,もてあます,难于处理，无法对付,n1
時代遅れ,じだいおくれ,过时，落伍,n1
自国,じこく,本国,n1
自粛,じしゅく,自慎，自我约束,n1
自制,じせい,自制，自我克制,n1
軸,じく,轴，中心,n1
実況,じっきょう,实况,n1
実在,じつざい,实际存在,n1
煮詰める,につめる,把……煮得没有水分；使（问题）接近解决，使（讨论、计划等）进入最后阶段,n1
遮断,しゃだん,切断，阻隔,n1
邪悪,じゃあく,邪恶,n1
釈明,しゃくめい,阐明，说明，申明，辩解,n1
弱音,よわね,泄气的话,n1
弱肉強食,じゃくにくきょうしょく,弱肉强食,n1
主演,しゅえん,主演，主角,n1
主旨,しゅし,主旨，中心思想,n1
主体性,しゅたいせい,自主性；主体性,n1
取りやめる,とりやめる,停止，中止，取消,n1
取り立てて,とりたてて,（并不）值得一提,n1
取り立てる,とりたてる,催收，强征；提拔；特别列举,n1
手がける,てがける,亲自负责，亲自培养,n1
殊更,ことさら,特别；故意,n1
種子,しゅし,种子,n1
受け答え,うけこたえ,应答，对答，应付,n1
受注,じゅちゅう,接受订货,n1
収束,しゅうそく,平息，得到解决,n1
就任,しゅうにん,就任,n1
修業,しゅぎょう,学习（技能），钻研,n1
修士,しゅうし,硕士,n1
修復,しゅうふく,修复,n1
終止,しゅうし,终止,n1
終止符,しゅうしふ,（英文）句点，句号；结局,n1
終息,しゅうそく,停息，结束,n1
集い,つどい,聚会，集会,n1
集大成,しゅうたいせい,集大成，汇集,n1
住人,じゅうにん,居民,n1
充足,じゅうそく,充足；补充,n1
従属,じゅうぞく,从属，附属,n1
渋み,しぶみ,涩味；（带有古朴味道的）优雅沉着,n1
重圧,じゅうあつ,沉重的压力,n1
重厚,じゅうこう,（性格等）沉着，庄重,n1
重心,じゅうしん,重心，平衡,n1
熟慮,じゅくりょ,深思熟虑,n1
出題,しゅつだい,出题,n1
出番,でばん,值班；出场（做某事）,n1
瞬時,しゅんじ,瞬间,n1
順応,じゅんのう,顺应，适应,n1
もろもろ,もろもろ,诸多，许多,n1
助長,じょちょう,助长，促进,n1
小心,しょうしん,小心眼，胆小；小心谨慎,n1
小路,こうじ,小巷，胡同,n1
消え去る,きえさる,消失,n1
照会,しょうかい,询问，查询,n1
衝動,しょうどう,冲动,n1
上書き,うわがき,写在上面；（电脑用语）覆盖,n1
上陸,じょうりく,登陆,n1
乗り気,のりき,起劲，感兴趣,n1
乗り出す,のりだす,乘（车船等）出去；着手；探出,n1
場当たり,ばあたり,即兴；权宜,n1
拭き取る,ふきとる,擦拭，擦掉,n1
植木鉢,うえきばち,花盆,n1
色とりどり,いろとりどり,五彩缤纷；形形色色,n1
色気,いろけ,色泽；性诱惑力，春心；风趣,n1
色合い,いろあい,色调；色彩,n1
触発,しょくはつ,受到刺激（而去做某事）,n1
食い止める,くいとめる,防止，阻止，控制住（情况的发展或扩大）,n1
心外,しんがい,（对方的行为或事情的结果出乎意料而感到）遗憾，意外,n1
心地よい,ここちよい,惬意的，舒适的,n1
新奇,しんき,新奇事物,n1
浸る,ひたる,浸；沉迷,n1
深化,しんか,深化，加深,n1
真偽,しんぎ,真伪,n1
真上,まうえ,正上方,n1
真正面,ましょうめん,正对面,n1
神経質,しんけいしつ,神经质，过分在意,n1
親近感,しんきんかん,亲切感,n1
親心,おやごころ,父母心；父母般的关怀,n1
親方,おやかた,老板，工头，师傅,n1
親密,しんみつ,亲密，密切,n1
人並み,ひとなみ,普通，寻常,n1
塵[ちり],ちり,灰尘，污垢，垃圾；少许，丝毫（不）,n1
尽力,じんりょく,尽力，努力,n1
推理,すいり,推理，推断,n1
水深,すいしん,水深,n1
水槽,すいそう,水槽；鱼缸,n1
雛[ひな],ひな,雏鸟；（三月三日女儿节陈列的）古装玩偶；小而可爱,n1
据え置き,すえおき,（价格）不变动；搁置；（存款、债券等）冻结,n1
寸前,すんぜん,（前接名词）迫在眉睫；临近,n1
性急,せいきゅう,性急，急躁,n1
成り行き,なりゆき,趋势，推移,n1
成員,せいいん,成员,n1
成就,じょうじゅ,成就，实现,n1
政策,せいさく,政策,n1
晴らす,はらす,消除；雪除,n1
晴れ渡る,はれわたる,完全放晴,n1
生々しい,なまなましい,非常新，生动，鲜明，逼真,n1
生動,せいどう,生动，栩栩如生,n1
盛り付け,もりつけ,装盘摆设,n1
精算,せいさん,细算；补（票）,n1
精度,せいど,精度,n1
精力,せいりょく,精力,n1
請け負う,うけおう,承包（工程等）,n1
積み木,つみき,积木,n1
積み立てる,つみたてる,积攒，积累,n1
跡地,あとち,旧地皮，旧址,n1
切り抜ける,きりぬける,杀出，突围；摆脱，逃脱，闯过,n1
切り離す,きりはなす,割开，断开,n1
切望,せつぼう,切盼，殷切期望,n1
接点,せってん,交接点；相同处,n1
摂取,せっしゅ,摄取，吸收,n1
折,おり,时机；时候,n1
説く,とく,说明,n1
絶妙,ぜつみょう,绝妙，高超,n1
せみ,せみ,蝉,n1
先だって,せんだって,前几天，前些日子,n1
先述,せんじゅつ,前述，上述,n1
先走る,さきばしる,出风头，贸然行事,n1
先導,せんどう,先导，带路,n1
先方,せんぽう,对方,n1
戦前,せんぜん,（特指第二次世界大战之前）战前,n1
浅はか,あさはか,肤浅，浅薄,n1
潜水,せんすい,潜水,n1
素振り,そぶり,神态、举止中表现出来的样子,n1
操縦,そうじゅう,驾驶；操纵,n1
相手取る,あいてどる,以……为对手争执，（特指）起诉……,n1
総じて,そうじて,总的来说,n1
増殖,ぞうしょく,增殖，繁殖,n1
増税,ぞうぜい,增税,n1
則[のっと]る,のっとる,遵守，遵照，遵循,n1
即刻,そっこく,立即,n1
足取り,あしどり,步伐；行踪,n1
尊厳,そんげん,尊严,n1
損ねる,そこねる,损害；（前接动词的连用形）没成功,n1
損傷,そんしょう,损伤,n1
村落,そんらく,村落，村庄,n1
多角,たかく,多角；多方面,n1
多岐,たき,涉及多方面,n1
多発,たはつ,多发,n1
打ち解ける,うちとける,亲密，融洽，无隔阂,n1
うってつけ,うってつけ,理想，合适，适合,n1
打診,だしん,叩诊；打探，试探,n1
耐性,たいせい,（植物的耐热性、耐寒性等）抗性；（细菌的）抗药性,n1
待ち受ける,まちうける,（做好心理准备后）等待,n1
待機,たいき,待命，等待时机,n1
代行,だいこう,代行，代办,n1
代講,だいこう,代课,n1
大がかり,おおがかり,大规模,n1
大口,おおぐち,大宗（买卖、订单等）,n1
大正,たいしょう,大正年号（1912年—1926年）,n1
大台,おおだい,（金额、数量的）大关，整数关口,n1
大便,だいべん,大便,n1
大粒,おおつぶ,大颗，大粒,n1
第三者,だいさんしゃ,第三者，局外人,n1
託す,たくす,托付，委托；托词；寄托,n1
脱,だつ,脱离……,n1
丹精,たんせい,精心，竭力，心血,n1
単独,たんどく,单独，独自,n1
探知,たんち,探知，探查,n1
探偵,たんてい,侦探，侦查,n1
たたえる,たたえる,装满；洋溢,n1
短絡,たんらく,武断；短路,n1
端的,たんてき,直截了当；明显，清楚,n1
断ち切る,たちきる,切断；断绝,n1
断念,だんねん,死心，放弃,n1
知覚,ちかく,（视觉、听觉、嗅觉、味觉、触觉）知觉；（通过感觉器官的作用）察觉，辨别,n1
地殻,ちかく,地壳,n1
地形,ちけい,地形,n1
置き去り,おきざり,丢下不管,n1
着色,ちゃくしょく,着色，上颜色,n1
中枢,ちゅうすう,中枢，枢纽，关键,n1
仲間入り,なかまいり,加入……的行列,n1
虫食い,むしくい,虫蛀,n1
兆候,ちょうこう,征兆，迹象,n1
聴衆,ちょうしゅう,听众,n1
調達,ちょうたつ,筹措，筹备,n1
追い払う,おいはらう,轰走，驱赶，驱逐,n1
追究,ついきゅう,追求，弄清,n1
痛手,いたで,重伤；沉重的打击,n1
通報,つうほう,通报，通知；报警,n1
鶴,つる,鹤，仙鹤,n1
低迷,ていめい,低垂，弥漫；低迷，低潮,n1
呈示,ていじ,出示（证件等）,n1
定か,さだか,确定，清楚，明确,n1
定時,ていじ,定时，准时；定期,n1
定職,ていしょく,稳定的工作,n1
定説,ていせつ,定论,n1
定番,ていばん,常规，固定（的商品）,n1
ほどほど,ほどほど,适当，恰当,n1
締めつける,しめつける,用力勒紧；严加管教,n1
締結,ていけつ,（条约、协定等）缔结，签订,n1
摘出,てきしゅつ,摘除，取出；指出，摘出,n1
摘発,てきはつ,揭发，检举,n1
的,まと,靶子；目标,n1
撤廃,てっぱい,取消，撤销,n1
天体,てんたい,天体,n1
天文,てんもん,天文,n1
転化,てんか,转化，转变,n1
伝承,でんしょう,口传，代代相传,n1
度外視,どがいし,置之度外,n1
冬山,ふゆやま,冬天的山,n1
投げ出す,なげだす,扔，抛出；中途放弃；豁出去,n1
投球,とうきゅう,投球,n1
東南,とうなん,东南,n1
踏み越える,ふみこえる,踏过去；渡过（难关）,n1
踏み入れる,ふみいれる,踏入（场所、领域）,n1
同然,どうぜん,几乎一样,n1
同伴,どうはん,陪同，（男女）同行,n1
胴,どう,（动物的）躯体；腰身,n1
道のり,みちのり,路程，距离,n1
道筋,みちすじ,道路；道理，条理,n1
独学,どくがく,自学,n1
突き止める,つきとめる,追究，彻底查明（真相等）,n1
突き出す,つきだす,伸出，探出；（迅速向前）突出，推出；扭送,n1
突き放す,つきはなす,强行推开；冷淡对待；冷眼旁观,n1
難航,なんこう,难以航行；进展迟缓,n1
日和,ひより,天气；晴天；形势,n1
入荷,にゅうか,进货，到货,n1
入念,にゅうねん,细心，精心，周到,n1
忍ぶ,しのぶ,躲避，避开；忍受，忍耐；隐藏，潜伏,n1
認知,にんち,（心理上的）认知,n1
熱湯,ねっとう,沸腾的热水，滚烫的水,n1
熱量,ねつりょう,热量；热情的程度,n1
年俸,ねんぽう,年薪,n1
念入り,ねんいり,周到，细致,n1
捻出,ねんしゅつ,筹措；想出,n1
濃密,のうみつ,浓厚，浓密,n1
納期,のうき,交货期,n1
農場,のうじょう,农场,n1
波及,はきゅう,波及,n1
破綻,はたん,破裂，失败，破产,n1
羽目,はめ,困境,n1
廃棄物,はいきぶつ,废弃物,n1
配付,はいふ,分配，分发（给某个固定群体）,n1
培う,つちかう,培植；培养,n1
拍子,ひょうし,节拍；当……,n1
薄まる,うすまる,变浅，变淡,n1
発育,はついく,发育，成长,n1
発酵,はっこう,发酵,n1
発注,はっちゅう,订购,n1
発病,はつびょう,发病，得病,n1
罰,ばつ,惩罚，处罚,n1
抜きん出る,ぬきんでる,出类拔萃,n1
抜き打ち,ぬきうち,拔刀就砍；突袭,n1
抜群,ばつぐん,超群,n1
抜粋,ばっすい,摘录,n1
販路,はんろ,销路,n1
煩雑,はんざつ,繁杂，麻烦,n1
番人,ばんにん,值班人，看守人,n1
否めない,いなめない,不可否认的,n1
秘める,ひめる,隐藏，隐秘,n1
飛躍,ひやく,跳跃；飞跃；不连贯,n1
微生物,びせいぶつ,微生物,n1
美化,びか,美化,n1
必須,ひっす,必须，必要,n1
必然性,ひつぜんせい,必然性,n1
表向き,おもてむき,表面，外表；公开,n1
貧富,ひんぷ,贫富,n1
不穏,ふおん,不稳定，险恶,n1
不可解,ふかかい,难以理解，不可思议,n1
不慣れ,ふなれ,不习惯，不熟悉,n1
不祥事,ふしょうじ,丑闻，坏事,n1
不信,ふしん,不相信；不诚实；没有信仰,n1
不信感,ふしんかん,不信任的感觉,n1
不人気,ふにんき,没有人气，不受欢迎,n1
不本意,ふほんい,不情愿，非本意,n1
富,とみ,财富,n1
浮き彫り,うきぼり,浮雕；刻画，使形象突出,n1
符合,ふごう,符合，一致,n1
負荷,ふか,担，负，荷；负载,n1
付加,ふか,附加,n1
部族,ぶぞく,部族，部落,n1
風合い,ふうあい,（纺织品、纸张等的）手感和观感,n1
風俗,ふうぞく,风俗，习俗,n1
伏せる,ふせる,朝下；扣，伏；不公开,n1
副業,ふくぎょう,副业,n1
福利,ふくり,福利,n1
払拭,ふっしょく,彻底抹掉，消除干净,n1
物件,ぶっけん,房地产；物品,n1
分け与える,わけあたえる,分配，分发（物品等）,n1
憤り,いきどおり,愤怒,n1
文化財,ぶんかざい,文化遗产，文化财富,n1
聞きつける,ききつける,偶然听到；听惯,n1
平静,へいせい,平静，镇静,n1
平年,へいねん,平年，普通的年份,n1
弊害,へいがい,危害，弊病,n1
並行,へいこう,并行；同时进行,n1
閉じ込める,とじこめる,把……关在……里,n1
変容,へんよう,变样，面貌改观,n1
片隅,かたすみ,一隅，一个角落,n1
編成,へんせい,编成，组成,n1
編著,へんちょ,编著,n1
返上,へんじょう,奉还，归还,n1
返送,へんそう,寄回,n1
弁護士,べんごし,律师,n1
保温,ほおん,保温,n1
法人,ほうじん,法人,n1
芳しい,かんばしい,芳香；（不）出色,n1
褒めたたえる,ほめたたえる,极力称赞,n1
紡ぐ,つむぐ,纺织；（将各种素材组合起来创作故事等）编织,n1
没,ぼつ,死；（投稿）不采用；没有,n1
本体,ほんたい,真相；主要部分,n1
翻す,ひるがえす,翻，转，闪；挥舞，飘扬；突然改变（态度、意见等）,n1
埋め合わせる,うめあわせる,填补，弥补,n1
万事,ばんじ,万事,n1
満たない,みたない,不满，不足,n1
満月,まんげつ,满月，圆月,n1
未然,みぜん,未然,n1
無気力,むきりょく,缺乏朝气，没有精神,n1
無残,むざん,残酷，无情,n1
無実,むじつ,无根据；冤枉,n1
無造作,むぞうさ,简单，容易；随意，漫不经心,n1
無謀,むぼう,鲁莽，欠斟酌,n1
無防備,むぼうび,没有防备,n1
猛,もう,强烈……，猛烈……,n1
網羅,もうら,包罗，收罗,n1
目まぐるしい,めまぐるしい,瞬息万变的,n1
目先,めさき,眼前；当前；预见,n1
問い詰める,といつめる,逼问，追问，质问,n1
諭す,さとす,（上对下）教导，告诫,n1
ありよう,ありよう,样子；实情；（不）可能有,n1
由緒,ゆいしょ,渊源，来源；显赫的来历,n1
余生,よせい,余生,n1
揺るがす,ゆるがす,摇撼，震撼,n1
落書き,らくがき,涂鸦，乱涂乱画,n1
落胆,らくたん,沮丧,n1
理念,りねん,理念，根本想法,n1
裏腹,うらはら,正相反，表里不一,n1
裏目,うらめ,骰子的背面；针织品翻过来看的针眼；事与愿违,n1
率先,そっせん,率先，带头,n1
立ち退く,たちのく,离开；搬出,n1
立ち返る,たちかえる,返回原地,n1
立体,りったい,立体,n1
かすれる,かすれる,（字迹）不清楚；（声音）沙哑,n1
輪郭,りんかく,轮廓；概要,n1
類い,たぐい,类；匹敌,n1
類型,るいけい,类型,n1
零細,れいさい,零碎；规模小,n1
歴然,れきぜん,明显，清楚,n1
連携,れんけい,合作,n1
連帯感,れんたいかん,凝聚力,n1
弄ぶ,もてあそぶ,摆弄（物品）；玩弄（感情、命运等）,n1
老若男女,ろうにゃくなんにょ,男女老少,n1
論説,ろんせつ,评论，社论,n1
和む,なごむ,平静下来，温和,n1
和らぐ,やわらぐ,缓和，变温和,n1
つぼ,つぼ,罐，坛；要害，要点,n1
つぶる,つぶる,闭眼；假装不知道；死，瞑目,n1
貪欲,どんよく,贪婪，贪欲,n1
眉を 顰[ひそ]める,まゆをひそめる,紧锁眉头,n1
退く,しりぞく,倒退；退职,n1
リモコン,(和) remote+control,遥控器,n1
脅かす,おびやかす,威胁,n1
健やか,すこやか,健壮，健康，健全,n1
つまむ,つまむ,捏，撮，夹；吃；摘取，摘要,n1
無難,ぶなん,没有缺点，无可非议，说得过去,n1
ゆがむ,ゆがむ,（物体）歪斜；（内心）不正,n1
すすぐ,すすぐ,涮，洗濯；漱口；（不好的评价）洗掉，雪除,n1
脅かす,おどかす,威胁，威吓；恐吓,n1
それにしても,それにしても,即使那样,n1
除去,じょきょ,除去，去掉，消除,n1
録画,ろくが,录像,n1
音読,おんどく,朗读，诵读；按（日语）音读法读,n1
直営,ちょくえい,直接经营，直属,n1
貸与,たいよ,借给，出借，贷与,n1
落葉,らくよう,落叶,n1
才覚,さいかく,才智，机智；筹措,n1
対 峙[じ],たいじ,对峙，相持,n1
造形,ぞうけい,造型,n1
起業,きぎょう,创业,n1
出荷,しゅっか,上市，运出货物,n1
既存,きそん,既存，原有，现有,n1
取引,とりひき,交易，贸易；交易，讨价还价,n1
実証,じっしょう,确凿的证据；拿事实来证明，实证,n1
提起,ていき,提起，提出,n1
リタイア,retire,退休，引退；退场，弃权,n1
黙読,もくどく,默读,n1
ディスカッション,discussion,讨论,n1
狩猟,しゅりょう,狩猎,n1
明示,めいじ,明示，写明,n1
忍耐,にんたい,忍耐,n1
裏打ち,うらうち,衬里，裱里；（多く「裏打ちされる」の形で）从旁得到佐证,n1
殺菌,さっきん,杀菌，灭菌，消毒,n1
衰弱,すいじゃく,衰弱,n1
再考,さいこう,再次考虑，重新考虑,n1
没入,ぼつにゅう,埋头，专心致志；没入，沉入,n1
出没,しゅつぼつ,出没，出现,n1
直進,ちょくしん,一直前进，直线前进,n1
拮[きっ]抗,きっこう,较量，对抗,n1
留意,りゅうい,留心，注意,n1
過信,かしん,过于相信,n1
洗浄,せんじょう,洗涤，洗净,n1
占有,せんゆう,占有，据有,n1
固執,こしつ,坚持，固执,n1
認定,にんてい,认定，认可,n1
愛護,あいご,爱护，保护,n1
推察,すいさつ,推测，推察；体谅，谅查,n1
潜在,せんざい,潜在,n1
防御,ぼうぎょ,防御,n1
集約,しゅうやく,总括，汇集，概括,n1
渇望,かつぼう,渴望，切盼,n1
攪[かく]乱,かくらん,搅乱，捣乱，扰乱,n1
痙攣[けいれん],けいれん,痉挛，抽搐，抽筋,n1
複製,ふくせい,复制，仿制,n1
リンク,link,链环；联系；链接,n1
隣接,りんせつ,邻接，毗连,n1
復帰,ふっき,恢复（原来的地位、任务、状态等）,n1
撤去,てっきょ,撤去，撤除，拆除,n1
配属,はいぞく,分配，配属,n1
養殖,ようしょく,养殖,n1
面談,めんだん,面谈，面洽,n1
売却,ばいきゃく,出售,n1
考案,こうあん,设计，构思,n1
撤退,てったい,撤退，退出,n1
増員,ぞういん,增加人员,n1
同化,どうか,同化,n1
転売,てんばい,转卖，倒卖,n1
抽出,ちゅうしゅつ,抽出，提取，提炼,n1
投影,とうえい,投影；反映,n1
受理,じゅり,受理,n1
両用,りょうよう,两用,n1
激動,げきどう,（政治、社会等）动荡，激荡，震荡,n1
誇示,こじ,夸示，炫耀，夸耀,n1
所蔵,しょぞう,收藏,n1
浸透,しんとう,渗透，渗入,n1
献身,けんしん,献身，舍己，忘我,n1
直撃,ちょくげき,直击,n1
増収,ぞうしゅう,增加收入；增加产量,n1
満腹,まんぷく,吃饱,n1
容認,ようにん,承认，同意，准许,n1
督促,とくそく,督促，催促,n1
発覚,はっかく,暴露，被发现,n1
習練,しゅうれん,习练，反复练习,n1
酷評,こくひょう,严厉批评，批评得一无是处,n1
熟知,じゅくち,熟知，熟悉,n1
錬磨,れんま,磨炼，锻炼,n1
警報,けいほう,警报,n1
千変万化,せんぺんばんか,千变万化,n1
伸縮,しんしゅく,伸缩,n1
封印,ふういん,封条；封印,n1
忘却,ぼうきゃく,忘却，遗忘，忘记,n1
専心,せんしん,专心，一心一意，全心全意,n1
懐疑,かいぎ,怀疑,n1
昇華,しょうか,升华,n1
明記,めいき,清楚记载，记明,n1
散策,さんさく,散步，随便走走,n1
点滅,てんめつ,（灯光）忽亮忽灭，闪亮,n1
改築,かいちく,重盖，改建,n1
送り迎え,おくりむかえ,接送,n1
新調,しんちょう,新制；新曲调,n1
点在,てんざい,散在，散布,n1
混在,こんざい,混在一起,n1
誘致,ゆうち,招徕，招揽，吸引,n1
在職,ざいしょく,在职，工作，任职,n1
愛読,あいどく,爱读，喜欢读,n1
商談,しょうだん,贸易谈判，谈生意，洽谈,n1
放牧,ほうぼく,放牧，牧放,n1
決裁,けっさい,裁决，审批,n1
会食,かいしょく,聚餐,n1
習熟,しゅうじゅく,熟习，熟练,n1
出土,しゅつど,出土,n1
再選,さいせん,重选，再次当选，重新当选,n1
輩出,はいしゅつ,辈出，不断涌现出,n1
併用,へいよう,并用,n1
推奨,すいしょう,推荐,n1
転入,てんにゅう,迁入；转入,n1
管轄,かんかつ,管辖,n1
生殖,せいしょく,生殖，繁殖,n1
交配,こうはい,交配，杂交,n1
流入,りゅうにゅう,流入，流进；涌进,n1
濾[ろ]過,ろか,过滤,n1
履修,りしゅう,修习（规定的学科、课程等）,n1
躊躇[ちゅうちょ],ちゅうちょ,踌躇，犹豫,n1
てんてこ舞い,てんてこまい,忙得不可开交，手忙脚乱,n1
伐採,ばっさい,采伐，砍伐,n1
廃業,はいぎょう,关门，歇业，停业,n1
推論,すいろん,推论，推断，判断,n1
搭載,とうさい,装载；搭载,n1
ダイビング,diving,跳水；飞跃；潜水,n1
粉砕,ふんさい,粉碎；摧毁，彻底打垮,n1
焼却,しょうきゃく,焚烧，烧掉,n1
遊泳,ゆうえい,游泳；处世,n1
製本,せいほん,装订,n1
製氷,せいひょう,制冰,n1
冷却,れいきゃく,冷却；冷静,n1
連動,れんどう,联锁，联动，传动,n1
特設,とくせつ,特设,n1
帳消し,ちょうけし,消账，清账；一笔勾销，互相抵消,n1
君臨,くんりん,君临，统治；（在某个领域）称霸,n1
軽装,けいそう,轻装,n1
自滅,じめつ,自然灭亡，自取灭亡,n1
付着,ふちゃく,附着，粘着,n1
和解,わかい,和好；和解，调解,n1
必着,ひっちゃく,必须送到，一定送到,n1
挫折,ざせつ,挫折，受挫，气馁,n1
白熱,はくねつ,白炽，灼热；最高潮，白热,n1
撲滅,ぼくめつ,扑灭，消灭,n1
立案,りつあん,制定方案，筹划,n1
充当,じゅうとう,充当，填补，充作,n1
打撲,だぼく,磕碰，碰撞,n1
苦笑い,にがわらい,苦笑,n1
過熱,かねつ,过热；过度，过于激烈,n1
近接,きんせつ,接近；邻近,n1
一戦,いっせん,一仗，一战,n1
編 纂[さん],へんさん,编纂,n1
帰結,きけつ,归结，归宿，结果,n1
立候補,りっこうほ,当候选人，参加竞选,n1
作図,さくず,绘图，画图，作图,n1
肥大,ひだい,肥大,n1
散在,さんざい,分散，分布，遍布,n1
脱税,だつぜい,逃税，偷税，漏税,n1
先取り,さきどり,优先取得，先得到；预先领取，预先得到,n1
迎合,げいごう,迎合，逢迎，投其所好,n1
撤回,てっかい,撤回，撤销,n1
増設,ぞうせつ,增设,n1
発着,はっちゃく,出发和到达,n1
訪日,ほうにち,访日，访问日本,n1
代替,だいたい,代替,n1
驚嘆,きょうたん,惊叹,n1
解禁,かいきん,解除禁令,n1
起用,きよう,起用，擢用，任用,n1
スライス,slice,片，薄片，切片,n1
手立て,てだて,方法，手段，办法,n1
恩返し,おんがえし,报恩,n1
精通,せいつう,精通，通晓,n1
着想,ちゃくそう,立意，构思，主意,n1
熟考,じゅっこう,仔细考虑，深思熟虑,n1
内省,ないせい,反省，自我检查；（心理学）内省,n1
突出,とっしゅつ,突出,n1
逆戻り,ぎゃくもどり,往回走；开倒车，走回头路,n1
後押し,あとおし,（在后面）推（的人）；支援（者）,n1
漏 洩[えい],ろうえい,泄漏,n1
流布,るふ,散布，传播,n1
感知,かんち,察觉，感知,n1
感嘆,かんたん,感叹，赞叹,n1
供述,きょうじゅつ,供述，口供,n1
急進,きゅうしん,急进；激进，冒进,n1
邁[まい]進,まいしん,迈进，挺进,n1
却下,きゃっか,不受理，驳回（申请、诉讼等）,n1
転移,てんい,转移，扩散,n1
紛糾,ふんきゅう,纠纷，混乱,n1
巡回,じゅんかい,巡回；巡视,n1
枯渇,こかつ,干涸，枯竭；缺乏，罄尽,n1
絶賛,ぜっさん,无上的称赞，最好的赞美,n1
出馬,しゅつば,参加竞选，当候选人,n1
施錠,せじょう,上锁,n1
沈下,ちんか,沉降，下沉,n1
仲裁,ちゅうさい,调解，仲裁,n1
露出,ろしゅつ,露出，裸露；曝光,n1
すべすべ,すべすべ,光滑，滑润,n1
ごつごつ,ごつごつ,不平滑，凹凸不平；生硬，粗鲁,n1
夢想,むそう,梦想，幻想，空想,n1
代償,だいしょう,赔偿，补偿；代价,n1
謳[おう]歌,おうか,讴歌，歌颂,n1
潜伏,せんぷく,潜伏，躲藏，隐藏；（疾病）潜伏,n1
自重,じちょう,自重，慎重；保重，珍重,n1
譲渡,じょうと,转让,n1
著作,ちょさく,著作，著书,n1
校閲,こうえつ,校阅，校订,n1
不倫,ふりん,作风不好，乱搞男女关系,n1
店舗,てんぽ,店铺，商店,n1
人里,ひとざと,村落，村庄，城镇,n1
土壌,どじょう,土壤,n1
寄生虫,きせいちゅう,寄生虫；靠别人养活的人,n1
営み,いとなみ,营生；办事，准备,n1
使い手,つかいて,使用者；擅长使用的人,n1
リネン,linen,亚麻布；床单、枕套、桌布、毛巾等的总称,n1
しいたけ,しいたけ,香菇,n1
蟹[かに],かに,蟹，螃蟹,n1
図面,ずめん,图纸，设计图，构造图,n1
盆踊り,ぼんおどり,盂兰盆会舞,n1
優劣,ゆうれつ,优劣,n1
軒先,のきさき,檐头，房前,n1
渡り,わたり,渡口；（由外国）传来；搭关系；（鸟类）迁徙,n1
雷雨,らいう,雷雨,n1
天敵,てんてき,天敌,n1
断片,だんぺん,片断，部分,n1
書庫,しょこ,书库，藏书室,n1
十二支,じゅうにし,十二支，生肖,n1
互角,ごかく,势均力敌，不相上下，互有优劣,n1
史実,しじつ,史实,n1
双方,そうほう,双方，两方,n1
老朽,ろうきゅう,老朽；陈旧，破旧,n1
鋳型,いがた,铸模，模子,n1
人家,じんか,人家，人烟,n1
スランプ,slump,一时不振，萎靡，低谷,n1
筋道,すじみち,道理，条理；顺序，程序,n1
旧来,きゅうらい,以往，以前，从前，从来,n1
基調,きちょう,基调，基准,n1
断じて,だんじて,绝对，一定；决（不）,n1
無名,むめい,无名，不知名；不著名，没名气,n1
資質,ししつ,资质，秉性，天资,n1
業種,ぎょうしゅ,行业,n1
人間ドック,にんげんどっく,综合体检,n1
上限,じょうげん,上限,n1
幼虫,ようちゅう,幼虫,n1
端末,たんまつ,终端；终端装置,n1
ガイドライン,guideline,指导方针，大纲,n1
間取り,まどり,房间布局，平面布置,n1
シニア,senior,年长者，资格老的，前辈,n1
皮切り,かわきり,起头，开头，开始,n1
尺度,しゃくど,尺子；长度，尺寸；标准，尺度,n1
罠[わな],わな,陷阱；圈套,n1
すかさず,すかさず,立刻，马上,n1
我が身,わがみ,自己,n1
別個,べっこ,另一个；个别,n1
マスメディア,mass media,（报刊、电视、广播等）大众传媒,n1
音響,おんきょう,声响，声音,n1
とことん,とことん,最后，到底,n1
人一倍,ひといちばい,比别人更加……,n1
民話,みんわ,民间故事，民间传说,n1
本書,ほんしょ,正式文本，正本；本书，此书,n1
工具,こうぐ,工具，特指机械加工用的刀具类,n1
誤植,ごしょく,排错（的字），误排,n1
指針,ししん,指针；方针，准则,n1
出方,でかた,（处理某事的）态度，方式,n1
対極,たいきょく,相反的极端,n1
水中,すいちゅう,水中，水里,n1
アシスタント,assistant,助手，助理,n1
担い手,にないて,挑东西的人；旗手，核心人物,n1
経緯,けいい,（事情的）经过，原委；经度和纬度,n1
亡者,もうじゃ,逝者；利欲熏心的人,n1
風情,ふぜい,风趣，情趣；样子，情况；（接尾）……之类,n1
誌面,しめん,杂志上，杂志的篇幅,n1
土器,どき,土器，陶器,n1
河原,かわら,河滩,n1
南半球,みなみはんきゅう,南半球,n1
店先,みせさき,店头，店面,n1
潤い,うるおい,湿润；利益，补益；风趣，情趣,n1
迷路,めいろ,容易迷路的道路，迷宫,n1
首尾,しゅび,首尾，始终；经过，结果,n1
良書,りょうしょ,良书，好书,n1
サバンナ,savanna,热带的（树木稀少的）大草原,n1
遺物,いぶつ,遗物；古物，文化遗产；遗失物,n1
里帰り,さとがえり,回娘家；回乡探亲，回国探亲,n1
物見,ものみ,参观，游览；瞭望，侦察,n1
遊山,ゆさん,出去游玩,n1
細切れ,こまぎれ,碎片，碎块,n1
素地,そじ,质地，底子；基础，根基,n1
度合い,どあい,程度,n1
論旨,ろんし,论点,n1
テナント,tenant,借地人，租房人,n1
客層,きゃくそう,顾客层次,n1
魔物,まもの,妖怪，魔鬼,n1
爬[は]虫類,はちゅうるい,爬行动物,n1
客室,きゃくしつ,客厅；客房,n1
車体,しゃたい,车身，车体，车厢,n1
二の次,にのつぎ,第二，其次，次要,n1
リセット,reset,复位,n1
ウエア,wear,衣着，衣服,n1
肌触り,はだざわり,接触肌肤时的感觉，手感,n1
ぽい捨て,ぽいすて,随手扔掉，乱扔,n1
惜しくも,おしくも,真可惜；非常遗憾,n1
兼ね合い,かねあい,保持均衡，兼顾,n1
風通し,かぜとおし,通风,n1
高気圧,こうきあつ,高气压,n1
終盤,しゅうばん,接近决定胜负的局面，残棋；最后阶段,n1
悲願,ひがん,誓必实现的决心,n1
むっと,むっと,怒上心头；闷得慌，熏得慌,n1
現職,げんしょく,现职，现任,n1
獣医,じゅうい,兽医,n1
路線,ろせん,线路；路线,n1
遊歩道,ゆうほどう,散步道,n1
アナログ,analog・analogue,模拟,n1
知名度,ちめいど,知名度,n1
媒体,ばいたい,媒介物，媒体，手段,n1
鮮度,せんど,新鲜的程度，鲜度,n1
原価,げんか,进货价，成本价；成本，生产费用,n1
最良,さいりょう,最好,n1
愕[がく]然,がくぜん,愕然,n1
ビッグ,big,大规模，大；重要,n1
白紙,はくし,白纸；空白的纸；事前不带偏见；原状,n1
難関,なんかん,难关,n1
頭打ち,あたまうち,达到顶点，涨到极限,n1
メンテナンス,maintenance,维修，维持，维护，保养,n1
若木,わかぎ,小树，幼树,n1
品位,ひんい,品格，品位，风度,n1
劣勢,れっせい,劣势,n1
激流,げきりゅう,激流，急流,n1
農夫,のうふ,农民，农夫,n1
臨床,りんしょう,临床,n1
里,さと,村庄；乡下；老家,n1
仙人,せんにん,仙人，神仙,n1
化け物,ばけもの,妖怪，鬼怪，魔鬼；拥有非凡能力的人,n1
室温,しつおん,室内温度，室温,n1
巻物,まきもの,（装裱成卷轴的）书画,n1
混 沌[とん],こんとん,混沌，混乱,n1
岐路,きろ,歧路，岔道,n1
表面張力,ひょうめんちょうりょく,表面张力,n1
生半可,なまはんか,不成熟，不熟练，不充分，不彻底,n1
あぐら,あぐら,盘腿坐,n1
漁民,ぎょみん,渔民,n1
絵柄,えがら,图案，图样，花样,n1
境内,けいだい,（神社、庙宇的）院内，院落,n1
趨[すう]勢,すうせい,趋势，趋向，动向，倾向,n1
同列,どうれつ,同列，同排；同等地位,n1
石垣,いしがき,石垣，石墙,n1
意表,いひょう,意表，意外,n1
薬剤,やくざい,药，药剂,n1
田畑,たはた,水田和旱田，田地,n1
いわんや,いわんや,何况，况且,n1
威厳,いげん,威严,n1
絵描き,えかき,画家,n1
風潮,ふうちょう,潮流，倾向，时势,n1
背丈,せたけ,身高；衣长,n1
巷[ちまた],ちまた,岔道；繁华街；场所；社会,n1
雑用,ざつよう,杂事，琐事,n1
類人猿,るいじんえん,类人猿,n1
彗[すい]星,すいせい,彗星,n1
成り立ち,なりたち,成立的经过；构成,n1
一足飛び,いっそくとび,并着脚跳；快跑；越级,n1
用足し,ようたし,办事；上厕所,n1
世俗,せぞく,社会风俗，一般风习；世间，社会,n1
沽[こ]券,こけん,人品，体面，身价，尊严,n1
豪傑,ごうけつ,豪杰，好汉,n1
人為,じんい,人为，人工,n1
漆,うるし,漆树；（从漆树树液提取的天然涂料）漆,n1
ともすると,ともすると,往往，每每，动不动（就）,n1
空疎,くうそ,空洞，空虚,n1
平安,へいあん,平安，太平，平静，平稳,n1
不向き,ふむき,不合适，不适当,n1
洋館,ようかん,西方式建筑,n1
労苦,ろうく,劳苦，辛苦,n1
領分,りょうぶん,领土，领地；范围，领域,n1
餌付け,えづけ,喂养（野生动物，使之驯服）,n1
何にも,なんにも,完全（不）；无论什么也（不）,n1
話半分,はなしはんぶん,说的话只有一半可信,n1
寄る辺,よるべ,倚靠，投靠（之处）,n1
源泉,げんせん,源泉，根源，本源,n1
自家 撞[どう]着,じかどうちゃく,自相矛盾,n1
暗黙,あんもく,沉默，默不作声，缄默,n1
エッセンス,essence,本质，精华，真髓；精，香精,n1
ハイライト,highlight,高光；最精彩的场面,n1
耳目,じもく,耳目，视听，见闻,n1
歯ぎしり,はぎしり,磨牙；咬牙切齿,n1
太もも,ふともも,大腿,n1
関節,かんせつ,关节,n1
むき出し,むきだし,露出，裸露；露骨，毫不掩饰,n1
アングル,angle,角度；观点，见地,n1
代役,だいやく,代演（者），替角,n1
夢にも,ゆめにも,一点也不，做梦也（没想到……）,n1
寝具,しんぐ,寝具，被褥,n1
ざわめき,ざわめき,嘈杂声,n1
観葉植物,かんようしょくぶつ,赏叶植物,n1
雨上がり,あめあがり,雨后,n1
脚光を浴びる,きゃっこうをあびる,登场，展露头角，引人注目,n1
物おじ,ものおじ,胆小，胆怯,n1
冬至,とうじ,冬至,n1
夏至,げし,夏至,n1
潤滑油,じゅんかつゆ,润滑油,n1
質感,しつかん,（材料不同所引起的）质感,n1
山奥,やまおく,深山里,n1
日替わり,ひがわり,一天一换,n1
内装,ないそう,室内装潢,n1
ひだ,ひだ,褶，襞,n1
まぐろ,まぐろ,金枪鱼,n1
大輪,たいりん,大朵（花）,n1
器材,きざい,器材，器件,n1
家業,かぎょう,家传的行业，父业,n1
ランキング,ranking,名次，等级，排名,n1
色素,しきそ,色素,n1
高学年,こうがくねん,（小学）五、六年级（的学生）,n1
片っ端から,かたっぱしから,依次，一个接一个（全部）,n1
豚カツ,とんカツ,炸猪排,n1
裏話,うらばなし,秘闻，内幕,n1
濃淡,のうたん,浓淡，深浅,n1
無人島,むじんとう,无人岛,n1
草むら,くさむら,草丛,n1
差し当たり,さしあたり,当前，目前，目下，眼前,n1
本題,ほんだい,正题，本题,n1
辛くも,からくも,好不容易，勉强,n1
昼夜,ちゅうや,昼夜；日夜，经常,n1
自筆,じひつ,亲笔，亲自书写（的字画、文章等）,n1
書式,しょしき,（公文）格式,n1
後発,こうはつ,后出发；后发起，后发展起来（的）,n1
切り口,きりくち,切开的口，断面；伤口；切入点，论点；开口处,n1
渋々,しぶしぶ,不痛快，不情愿，勉强,n1
季節風,きせつふう,季风，季节风,n1
消印,けしいん,邮戳,n1
ゆかり,ゆかり,因缘，关系,n1
言い伝え,いいつたえ,传说,n1
胴体,どうたい,躯干，胴体；飞机、船只的中心部分,n1
海中,かいちゅう,海中，海面下,n1
食用,しょくよう,食用,n1
石段,いしだん,石级，石阶，台阶,n1
キャビネット,cabinet,橱柜，展示柜；唱片盒,n1
自家製,じかせい,自己制作,n1
物産,ぶっさん,土产（品），特产（品）,n1
コンディション,condition,条件；健康状况,n1
元凶,げんきょう,元凶，罪魁祸首,n1
自前,じまえ,自己出钱，自办,n1
未完成,みかんせい,未完成,n1
不測,ふそく,难以预料，不测,n1
臨機応変,りんきおうへん,随机应变,n1
糧,かて,粮食；食粮,n1
拾い物,ひろいもの,拾得物，捡来的东西；白得的便宜，意外的收获,n1
真冬,まふゆ,隆冬,n1
山肌,やまはだ,山的地表,n1
心意気,こころいき,积极果敢地面对任何事物的精神，坚强的意志，气魄,n1
フラッシュ,flash,闪光（灯），镁光（灯）；瞬间场面,n1
定評,ていひょう,定评，公认,n1
檜[ひのき],ひのき,丝柏，扁柏，桧木,n1
仕切り,しきり,隔开，隔板；清算，清账；（相扑）摆架势,n1
取り決め,とりきめ,商定，约定，缔结，协定,n1
幼少,ようしょう,年幼，幼小，童年时代,n1
栄冠,えいかん,荣冠，荣誉,n1
上向き,うわむき,朝上，仰；趋涨,n1
物品,ぶっぴん,物品；（不动产以外的）有形物品，动产,n1
奥行き,おくゆき,进深，纵深；（学识、思考、感情的）深度,n1
水辺,みずべ,水边，水滨,n1
原案,げんあん,原案,n1
機体,きたい,机身，机体；飞机,n1
頻度,ひんど,频度，频率,n1
渓谷,けいこく,溪谷，山谷,n1
被告,ひこく,被告,n1
善悪,ぜんあく,善恶,n1
師走,しわす,腊月，（阴历）十二月,n1
プラスアルファ,(和) plus＋alpha,加上若干；附加部分,n1
話しぶり,はなしぶり,口气，口吻,n1
精鋭,せいえい,精锐，精英,n1
時価,じか,时价，市值,n1
ありがたみ,ありがたみ,恩惠，价值,n1
恩人,おんじん,恩人,n1
厳冬,げんとう,严冬，隆冬,n1
最高峰,さいこうほう,最高峰；巅峰,n1
布地,ぬのじ,布料，衣料,n1
大国,たいこく,大国，强国,n1
仏閣,ぶっかく,佛阁，佛堂，寺院,n1
白木,しらき,本色木料,n1
甲斐[かい]性,かいしょう,有志气，要强，出息,n1
敷地,しきち,用地，地皮,n1
流派,りゅうは,流派，门派,n1
実権,じっけん,实权,n1
揚げ物,あげもの,油炸的食品,n1
役柄,やくがら,职务的性质；职位的身份；角色的类型,n1
正論,せいろん,正论，正确的主张,n1
和歌,わか,和歌,n1
美意識,びいしき,审美意识，审美观,n1
手持ち,てもち,手头有的，手头的,n1
本意,ほんい,真心，真意；本来的愿望，初衷,n1
手始め,てはじめ,开始，开端,n1
前略,ぜんりゃく,前略,n1
ひたひた,ひたひた,哗啦哗啦；逐渐逼近；液体的量刚好浸没里面东西的样子,n1
悲哀,ひあい,悲哀,n1
ボンベ,(ド) Bombe,液化气瓶，储气瓶,n1
成虫,せいちゅう,成虫,n1
書棚,しょだな,书架，书橱,n1
かもめ,かもめ,海鸥,n1
町人,ちょうにん,（江户时代的社会阶层之一，指住在都市的）商人，工匠,n1
狸[たぬき],たぬき,貉，狸,n1
至上,しじょう,至上，最高,n1
物陰,ものかげ,背地，暗地，暗处,n1
巨木,きょぼく,大树,n1
新茶,しんちゃ,新茶,n1
振幅,しんぷく,振幅,n1
自意識,じいしき,自我意识，个性,n1
同類,どうるい,同种类；同伙,n1
虫害,ちゅうがい,虫害,n1
製薬,せいやく,制药,n1
害鳥,がいちょう,害鸟,n1
汚名,おめい,污名，臭名，坏名声,n1
品ぞろえ,しなぞろえ,商品种类；准备各种各样的商品,n1
節度,せつど,适度，节制,n1
私生活,しせいかつ,私生活,n1
放し飼い,はなしがい,放养，牧放,n1
可否,かひ,好坏，是非；赞成与反对,n1
オアシス,oasis,绿洲；抚慰身心的事物,n1
内実,ないじつ,内情，内幕；其实，说实在的,n1
条例,じょうれい,条例,n1
異色,いしょく,不同的颜色；特色,n1
遠隔,えんかく,远隔，远距离,n1
さぞかし,さぞかし,想必，一定是,n1
特典,とくてん,优惠，特殊利益,n1
含み笑い,ふくみわらい,抿嘴笑,n1
趣向,しゅこう,（动）脑筋，（下）工夫,n1
文言,もんごん,（文章中的）词句,n1
巨額,きょがく,巨额,n1
近海,きんかい,近海,n1
後書き,あとがき,附笔，跋，后记,n1
第一人者,だいいちにんしゃ,第一人，首屈一指的人,n1
拍車をかける,はくしゃをかける,加速，加快，促进,n1
若年,じゃくねん,年轻（人）,n1
行間,ぎょうかん,行距；行间，字里行间,n1
随想,ずいそう,随感,n1
醍醐[だいご]味,だいごみ,深奥的妙趣，乐趣,n1
家系,かけい,世系，世家,n1
見ず知らず,みずしらず,素不相识，陌生,n1
前衛,ぜんえい,先锋，前卫，先驱,n1
力士,りきし,相扑力士,n1
スコア,score,（比赛中的）成绩，得分,n1
スタンス,stance,击球时两脚叉开的姿势；立场，立足点,n1
内外,ないがい,内外，里外；国内外；左右，上下,n1
栄養士,えいようし,营养师,n1
汗だく,あせだく,浑身是汗,n1
凡人,ぼんじん,凡人，庸人,n1
論拠,ろんきょ,论据,n1
小惑星,しょうわくせい,小行星,n1
デフレ,deflation,通货紧缩,n1
洋画,ようが,西洋画，油画；西方影片，外国影片,n1
遠目,とおめ,从远处看；看得远；远视,n1
砂 塵[じん],さじん,沙尘,n1
思うに,おもうに,想来，我以为,n1
有毒,ゆうどく,有毒,n1
十人十色,じゅうにんといろ,（人的性格、思想、爱好）各不相同,n1
当座,とうざ,即席，当场；当时，暂时；活期,n1
一体全体,いったいぜんたい,到底，究竟,n1
どじ,どじ,失败，笨蛋，蠢货,n1
体面,たいめん,体面，面子,n1
庭木,にわき,庭园的树木,n1
木陰,こかげ,树阴，树下,n1
手探り,てさぐり,摸；摸索,n1
コンスタント,constant,常数，恒量；经常，安定的,n1
持ち前,もちまえ,天性，生性；（各人的）份额，职责,n1
上級生,じょうきゅうせい,高年级学生,n1
真意,しんい,本意，真意；真正的意思,n1
通例,つうれい,通例，惯例；照例，通常,n1
寝床,ねどこ,睡铺，被窝,n1
骨 董[とう],こっとう,古董，骨董，古玩,n1
面識,めんしき,认识,n1
心底,しんそこ,（从）心里，（打从）心眼里,n1
官公庁,かんこうちょう,行政机关，政府机关和公共团体机关,n1
一辺倒,いっぺんとう,一边倒,n1
逆手,さかて,倒持，倒握；反握；利用对方的论点反击对方，将计就计,n1
スリル,thrill,惊险，刺激,n1
ぬるぬる,ぬるぬる,黏滑地,n1
抱負,ほうふ,抱负,n1
放射状,ほうしゃじょう,放射状,n1
県立,けんりつ,县立，县办,n1
盲目,もうもく,失明；盲目，没有理智,n1
盲導犬,もうどうけん,导盲犬,n1
初恋,はつこい,初恋,n1
同質,どうしつ,同质，同一性质,n1
すぐさま,すぐさま,马上，立刻，立即,n1
横目,よこめ,斜视，侧视,n1
おなじみ,おなじみ,熟识，熟识的人,n1
掛け声,かけごえ,吆喝声，喝采声，号子声；空喊,n1
ナノ,nano,十亿分之一，纳,n1
ハム,ham,火腿,n1
実話,じつわ,实话，真人真事,n1
大波,おおなみ,大浪，巨浪,n1
水量,すいりょう,水量,n1
七色,なないろ,七色；七种，多种,n1
波紋,はもん,波纹；影响,n1
世評,せひょう,社会上的评论，舆论,n1
白書,はくしょ,白皮书,n1
力量,りきりょう,能力；本领,n1
副産物,ふくさんぶつ,副产品；附带的收获,n1
悪臭,あくしゅう,恶臭，难闻的气味,n1
適量,てきりょう,适量,n1
校内,こうない,校内，学校里,n1
喪,も,居丧，服丧,n1
二者択一,にしゃたくいつ,二选一,n1
かもしか,かもしか,羚羊,n1
山里,やまざと,山村，山中的村庄,n1
家柄,いえがら,名门,n1
藻類,そうるい,藻类,n1
中生代,ちゅうせいだい,中生代,n1
無我夢中,むがむちゅう,拼命，忘我,n1
債務,さいむ,债务,n1
手付かず,てつかず,还没使用，还没着手,n1
異例,いれい,破例，破格，没有前例,n1
つぶさに,つぶさに,详细，详尽，仔细,n1
脈絡,みゃくらく,血管；脉络，条理,n1
私事,しじ,私事；私人秘密，隐私,n1
空論,くうろん,空论，空谈，脱离实际的理论,n1
杭[くい],くい,桩子,n1
的外れ,まとはずれ,离题，不中肯,n1
物流,ぶつりゅう,物流,n1
盛況,せいきょう,盛况,n1
余波,よは,余波；影响,n1
足場,あしば,立足处；脚手架；（精神上的）立足点，基础；交通之便,n1
口数,くちかず,话语的数量；人数；件数,n1
後味,あとあじ,口中余味；余味，后味,n1
存亡,そんぼう,存亡,n1
一まとめ,ひとまとめ,总括到一起，归拢到一起,n1
失意,しつい,失意，不得志,n1
往年,おうねん,往时，从前,n1
車中,しゃちゅう,车中，车上，车内,n1
抑揚,よくよう,抑扬,n1
厳寒,げんかん,严寒，酷寒,n1
平屋,ひらや,平房,n1
路面,ろめん,路面,n1
余力,よりょく,余力,n1
厚手,あつで,（纸、衣料、陶瓷等的质地）厚,n1
ホワイト,white,白，白色,n1
不慮,ふりょ,意外，不测,n1
単行本,たんこうぼん,单行本,n1
物真似,ものまね,仿效，模仿；口技,n1
一身,いっしん,自己，自身，全身,n1
曲がりなりにも,まがりなりにも,勉勉强强，好歹,n1
持論,じろん,一贯的主张,n1
快挙,かいきょ,果敢的行动，壮举，令人称快的行为,n1
通行止め,つうこうどめ,禁止通行,n1
中核,ちゅうかく,中心，核心，骨干,n1
自説,じせつ,己见，自己的意见,n1
受け皿,うけざら,托盘；收容的机构,n1
即時,そくじ,立即，立刻,n1
痛烈,つうれつ,猛烈，激烈,n1
緻密,ちみつ,（布、纸等）细致，细密；周密，缜密,n1
絶大,ぜつだい,巨大，极大,n1
雄大,ゆうだい,雄伟，雄壮，宏伟，宏大,n1
些[さ]細,ささい,细微，琐细，微不足道,n1
適任,てきにん,适合（某种工作），胜任，称职,n1
小規模,しょうきぼ,小规模,n1
メイン,main,主要的，重要的，中心的,n1
不透明,ふとうめい,不透明；不明朗,n1
孤高,ここう,孤高，高傲,n1
必至,ひっし,必至，一定到来,n1
型破り,かたやぶり,打破常规，破格，破例,n1
身勝手,みがって,自私，任性,n1
不器用,ぶきよう,笨，笨拙，不熟练,n1
鮮烈,せんれつ,强烈，深刻,n1
傲慢,ごうまん,傲慢，骄傲,n1
難解,なんかい,难解，难懂,n1
独りよがり,ひとりよがり,自以为是，自命不凡,n1
愚直,ぐちょく,愚直，过于正直,n1
ぼろくそ,ぼろくそ,一钱不值,n1
コンパクト,compact,带镜小粉盒；小型而内容充实的，紧凑型,n1
不能,ふのう,不能；无能，没有才能,n1
豪快,ごうかい,豪爽，豪迈,n1
不可分,ふかぶん,分不开，离不开,n1
空虚,くうきょ,空的；空虚，空洞，没有内容，没有价值,n1
一目瞭然,いちもくりょうぜん,一目了然,n1
適正,てきせい,适当，公平，合理,n1
不機嫌,ふきげん,不高兴，不痛快，不开心,n1
風流,ふうりゅう,风流，优美，风雅,n1
不毛,ふもう,不毛，无成果,n1
無害,むがい,无害，无害处,n1
あからさま,あからさま,明显，露骨,n1
逃げ腰,にげごし,想要逃脱，想要逃避,n1
不用意,ふようい,没准备；不慎，不小心,n1
画一的,かくいつてき,划一的，统一的,n1
筋違い,すじちがい,不像话，不合理；扭筋，错筋,n1
微細,びさい,微小，细微,n1
従順,じゅうじゅん,顺从，听话，温顺,n1
尊大,そんだい,自大，骄傲自大,n1
熱烈,ねつれつ,热烈，火热，热情,n1
カジュアル,casual,休闲（的），轻便（的），舒适（的）,n1
公的,こうてき,公共的，官方的,n1
広範囲,こうはんい,范围广大,n1
深遠,しんえん,深远，深奥,n1
上出来,じょうでき,做得很好，结果非常成功,n1
高慢,こうまん,傲慢，高傲,n1
ちっぽけ,ちっぽけ,极小,n1
無心,むしん,天真；专心；索要钱财,n1
明快,めいかい,明快，条理清楚，平明易解,n1
伸びやか,のびやか,舒展，悠然自得,n1
突っ走る,つっぱしる,飞跑；（向着某个目标）冲刺,n1
ほどける,ほどける,（系着的东西）解开；消，解消,n1
生き抜く,いきぬく,（挣扎着）活下去,n1
行き渡る,ゆきわたる,遍布，普及,n1
見定める,みさだめる,看准，看清,n1
閉ざす,とざす,锁上（门窗）；闭上；封锁；封闭,n1
置き換える,おきかえる,挪到；调换，替换,n1
抱え込む,かかえこむ,双手抱，夹；承担（负担等）,n1
講じる,こうじる,讲授；谋求，采取（措施）,n1
この上ない,このうえない,无上，无以复加,n1
包み込む,つつみこむ,包进去，包在里面,n1
踏ん張る,ふんばる,叉开双脚用力站稳；坚持，挣扎,n1
駆り立てる,かりたてる,迫使，逼迫，驱使,n1
振り向ける,ふりむける,转向；挪用，充当,n1
指し示す,さししめす,示出，指示,n1
てらう,てらう,炫耀，夸耀，显示,n1
せこい,せこい,心胸狭窄，狡猾，小气,n1
狭まる,せばまる,（空间、间隔、范围等）变窄,n1
ほぐす,ほぐす,解开，拆开，理开；揉开，使……松弛,n1
干からびる,ひからびる,干涸，干枯,n1
出しゃばる,でしゃばる,多管闲事，多嘴多舌,n1
押しやる,おしやる,推开,n1
育て上げる,そだてあげる,养育成人,n1
見据える,みすえる,盯着看；看准,n1
立ち向かう,たちむかう,对抗，顶撞；应付，面临,n1
動じる,どうじる,动摇，心慌,n1
働かす,はたらかす,使劳动，使动作；发挥,n1
群れる,むれる,群聚，群集，聚集,n1
世知辛い,せちがらい,生活艰苦，日子不好过；小气，好打小算盘,n1
かけ離れる,かけはなれる,相离太远，相差悬殊,n1
立ち戻る,たちもどる,回来，返回,n1
付け込む,つけこむ,抓住机会，乘机；记账，记流水账,n1
埋もれる,うもれる,（被）埋上，压埋；湮没，埋没,n1
探し回る,さがしまわる,到处寻找，到处搜寻,n1
そぐ,そぐ,削，割；削尖；削弱,n1
せわしない,せわしない,忙，忙碌,n1
すごむ,すごむ,威吓，恐吓,n1
推し量る,おしはかる,推测，推想，猜测,n1
没する,ぼっする,沉没；死去；隐没；没收,n1
青臭い,あおくさい,青涩，幼稚,n1
ぎこちない,ぎこちない,笨拙，生硬，不流畅,n1
揺るぎない,ゆるぎない,巩固，牢固,n1
畳み込む,たたみこむ,折叠起来；放在心里；连珠炮,n1
植え付ける,うえつける,种植，插秧；灌输,n1
練り上げる,ねりあげる,搅拌好；精炼，推敲,n1
ちりばめる,ちりばめる,镶嵌,n1
持ち直す,もちなおす,改变拿法；恢复；好转,n1
古びる,ふるびる,变旧，陈旧,n1
張り出す,はりだす,突出，伸出；公布，揭示,n1
挙がる,あがる,举起来；被提出；被逮捕,n1
跳ね上がる,はねあがる,飞溅；（物价等）暴涨；行动过激,n1
せがむ,せがむ,央求，纠缠,n1
失[う]せる,うせる,消失,n1
際立つ,きわだつ,显著，显眼，与众不同,n1
練り直す,ねりなおす,再揉和；重新思考，推敲,n1
くびれる,くびれる,中间变细,n1
切らす,きらす,中断的状态；用尽，用光,n1
はみ出す,はみだす,超出限度，越出范围,n1
書き入れる,かきいれる,写上，记入,n1
売り込む,うりこむ,推销；出卖（秘密）,n1
埋め立てる,うめたてる,填海造地,n1
買い占める,かいしめる,（为了获利）全部买下，囤积,n1
手間取る,てまどる,费事，费工夫，费时间,n1
割り切る,わりきる,（除法）除尽；想开，看开,n1
引き締まる,ひきしまる,紧绷，紧致；紧张，不松懈,n1
黒ずむ,くろずむ,发黑，带黑色,n1
うろつく,うろつく,彷徨，徘徊，闲荡,n1
念じる,ねんじる,念念不忘，祈祷；默念,n1
さもしい,さもしい,下流，卑鄙，卑劣，贪婪无耻,n1
凝り固まる,こりかたまる,凝固，凝结；狂热，热衷,n1
知り抜く,しりぬく,洞悉，深知，了如指掌,n1
罪深い,つみぶかい,罪大，罪孽深重,n1
流し込む,ながしこむ,灌入，浇注,n1
そぐわない,そぐわない,不合适，不符合,n1
襲いかかる,おそいかかる,袭击过来，猛扑过来，进攻过来,n1
宿す,やどす,保有，留下；怀孕,n1
浮かれる,うかれる,兴高采烈，得意忘形,n1
思い返す,おもいかえす,再想一遍，回想；重新考虑，改变主意,n1
見透かす,みすかす,看穿，看透,n1
見せかける,みせかける,假装，装作,n1
やり切れない,やりきれない,做不完；受不了,n1
真新しい,まあたらしい,崭新，全新,n1
しょい込む,しょいこむ,背上；担负，承担,n1
咲き乱れる,さきみだれる,繁花盛开,n1
見せつける,みせつける,卖弄，炫耀,n1
胡散[うさん]臭い,うさんくさい,形迹可疑，奇怪，蹊跷,n1
見て取る,みてとる,看破，看穿,n1
引き戻す,ひきもどす,拉回，拽回,n1
潤す,うるおす,润，弄湿；使受惠,n1
興す,おこす,兴办，振兴,n1
耐え抜く,たえぬく,忍到最后，坚持到底,n1
押し込める,おしこめる,塞进，硬塞；关在里面，监禁,n1
見立てる,みたてる,选择；诊断；比作,n1
耳慣れる,みみなれる,听惯，耳熟,n1
牛耳る,ぎゅうじる,执牛耳，把持，操纵，主宰,n1
疎ましい,うとましい,讨厌，厌恶,n1
投げかける,なげかける,随手搭上，披上；（视线、话语等）投向；提出；倚靠,n1
ほほえましい,ほほえましい,使人欣慰，招人微笑,n1
根差す,ねざす,生根；扎根；起因，由来,n1
見返す,みかえす,回头看；重看，反复看；回看，还眼；（受了侮辱或轻视后）争气,n1
細める,ほそめる,使细，弄细,n1
見下す,みくだす,看不起，轻视；往下看，俯视,n1
塗り替える,ぬりかえる,重新涂抹，重画,n1
てこずる,てこずる,棘手，难对付，犯难,n1
渋る,しぶる,不肯，不痛快，不爽快；不流畅，发涩,n1
切り立つ,きりたつ,峭立，陡立，陡峭,n1
かたどる,かたどる,仿照，形象化,n1
織り成す,おりなす,织成，织出；穿插成，组成,n1
語り継ぐ,かたりつぐ,不断地讲述并传承给下一代,n1
継ぎ足す,つぎたす,接上，添上，加上，补上,n1
すり減らす,すりへらす,磨薄；劳神，费心,n1
打ち付ける,うちつける,用力撞击；钉（上）,n1
ずれ込む,ずれこむ,推迟，拖延,n1
押し通す,おしとおす,强行通过；硬干，固执到底,n1
降りかかる,ふりかかる,落到；降临,n1
堅苦しい,かたくるしい,限制过严，死板,n1
かき集める,かきあつめる,扒，搂；搜罗，搜集,n1
取り決める,とりきめる,决定，商定，议定,n1
掘り下げる,ほりさげる,往下深挖；深入思考，挖掘（思想）,n1
あやす,あやす,哄，逗（小孩子）,n1
行き交う,ゆきかう,（行人）往来,n1
痩せ衰える,やせおとろえる,消瘦，瘦弱,n1
忍びない,しのびない,（…に忍びない）忍不住，不忍,n1
ほぐれる,ほぐれる,开，解开；舒畅，开朗,n1
絡み合う,からみあう,互相缠绕，搅在一起；互相纠缠，彼此牵扯,n1
がらり,がらり,哗啦，轰隆，轰；突然改变，豹变,n1
別途,べっと,另，另外,n1
順次,じゅんじ,顺次，依次,n1
ありあり,ありあり,清清楚楚；历历在目,n1
ひしひし,ひしひし,深刻地，深深地,n1
ならでは,ならでは,非……不可，除……之外别无其他,n1
まくる,まくる,挽，卷起；（接在动词连用形后）激烈地，持续不断地,n1
何かしら,なにかしら,什么，某种；不知为何,n1
常時,じょうじ,平时，平常；经常，时常,n1
根こそぎ,ねこそぎ,连根拔起；彻底地,n1
随時,ずいじ,随时,n1
来春,らいしゅん,明年春天,n1
紀元前,きげんぜん,公元前,n1
何物,なにもの,什么东西，何物,n1
苦しみ,くるしみ,痛苦，苦恼，困难，困苦,n1
暴走,ぼうそう,乱跑，狂驾；失控；鲁莽从事,n1
仮面,かめん,假脸；面具,n1
怪物,かいぶつ,怪物，妖怪；（言行奇特的）神秘人物，怪杰，怪人,n1
一族,いちぞく,一族，整个家族，同族,n1
平然,へいぜん,沉着，冷静，镇静，不在乎,n1
はっと,はっと,突然（想起）；（因意外事件而）吃惊,n1
目線,めせん,视线；观点,n1
食材,しょくざい,食材,n1
光栄,こうえい,光荣，荣誉,n1
ライン,line,线；水平；航线,n1
飛び降りる,とびおりる,（从高处或行驶的交通工具）跳下,n1
初日,しょにち,第一天,n1
後ろ姿,うしろすがた,背影,n1
結末,けつまつ,（最后的）结果，结局,n1
店主,てんしゅ,店主,n1
大規模,だいきぼ,大规模，规模宏大,n1
突き刺す,つきさす,扎，刺；刺痛,n1
大して,たいして,并不那么……,n1
豚,ぶた,猪；猪肉,n1
強大,きょうだい,强大，强盛，雄厚,n1
我が家,わがや,自己的家，我家,n1
四方,しほう,四方（东西南北）；四周，周围；四角，方形,n1
自力,じりき,自力,n1
流れ込む,ながれこむ,流入，注入,n1
偽,にせ,假，假冒，赝品,n1
責任者,せきにんしゃ,负责人,n1
見比べる,みくらべる,（对照着）比较，对比,n1
賛同,さんどう,赞同，赞成，同意,n1
苦悩,くのう,苦恼，烦恼，苦闷,n1
絶好,ぜっこう,绝好，绝佳，最好,n1
来客,らいきゃく,来客,n1
立ち入る,たちいる,进入；介入，干涉,n1
影響力,えいきょうりょく,影响力,n1
強固,きょうこ,巩固，坚固，坚强,n1
過ぎ去る,すぎさる,通过；过去，消逝,n1
路上,ろじょう,路上，街上,n1
極度,きょくど,极端，极其,n1
使者,ししゃ,使者,n1
次期,じき,下期，下次，下届,n1
草原,そうげん,草原,n1
異国,いこく,异国，外国,n1
ライブ,live,现场直播；现场演奏会,n1
パンチ,punch,剪票夹，打孔机；拳击；简洁有力，魄力,n1
目玉,めだま,眼球；（「お目玉」 「大目玉」の形で）挨瞪，挨申斥；以廉价吸引顾客的（商品）,n1
強度,きょうど,强度；程度高,n1
強者,きょうしゃ,强者,n1
判別,はんべつ,辨别，分辨,n1
後継者,こうけいしゃ,继任者，后继人，接班人,n1
ぐいぐい,ぐいぐい,连续用力；使劲（喝酒等）；有力地（连续进行，不断进展）,n1
真夜中,まよなか,半夜，深夜,n1
生命力,せいめいりょく,生命力,n1
山々,やまやま,群山；很多；（实际上做不到但是）很想,n1
大差,たいさ,显著的不同，很大的差别,n1
後々,のちのち,将来,n1
義父,ぎふ,继父；养父；岳父,n1
質量,しつりょう,（物理）质量；质和量,n1
内面,ないめん,内部，里面；心里，内心,n1
転倒,てんとう,摔倒；颠倒；惊慌失措,n1
勝ち取る,かちとる,赢得，夺得,n1
保留,ほりゅう,保留，搁置,n1
質,しち,抵押品，当的东西,n1
苦笑,くしょう,苦笑,n1
背筋,せすじ,背部，脊梁；衣服背部中心的缝线,n1
優雅,ゆうが,优雅，温文尔雅；悠闲，悠然自得,n1
鼓動,こどう,（心脏的）跳动，搏动；（比喻）感受到某种内在的、强大的力量或趋势,n1
降り注ぐ,ふりそそぐ,（日光、雨水等）不断落下，洒下,n1
敵意,てきい,敌意，仇视的心,n1
一礼,いちれい,稍施一礼，行个礼,n1
さりげない,さりげない,若无其事，毫不在意,n1
生き延びる,いきのびる,幸存，保住性命,n1
反動,はんどう,反动，反作用,n1
浴びせる,あびせる,浇，泼；给予,n1
よくよく,よくよく,仔细地，十分注意地；非常，极其；万不得已,n1
致命的,ちめいてき,致命的；重大的,n1
ともあれ,ともあれ,总之；（「…はともあれ」の形で）姑且不论,n1
万全,ばんぜん,万全,n1
集う,つどう,（为了做某事而）集会，聚会,n1
食い込む,くいこむ,深入，陷入；侵入，挤进；亏本，赔钱,n1
度胸,どきょう,胆量，胆子,n1
嫌悪,けんお,嫌恶，厌恶,n1
透ける,すける,透过……看见，透明的,n1
当事者,とうじしゃ,当事人,n1
降参,こうさん,投降；束手无策，无计可施,n1
詮索,せんさく,探索，调查（细节）,n1
着用,ちゃくよう,穿（衣服）,n1
鑑定,かんてい,鉴别，鉴定,n1
工房,こうぼう,工作室,n1
集落,しゅうらく,村子，村落；群体，集群,n1
悪党,あくとう,无赖，坏蛋,n1
隔離,かくり,隔离；隔绝,n1
静けさ,しずけさ,寂静，沉静，清静,n1
駆け巡る,かけめぐる,到处奔跑,n1
直視,ちょくし,直视，注视；正视，认真看待,n1
ファンタジー,fantasy,空想，幻想；幻想曲,n1
切り落とす,きりおとす,剪掉，砍掉；掘开堤坝,n1
ノイズ,noise,杂音，噪音,n1
引き金,ひきがね,扳机；起因,n1
技量,ぎりょう,本事，本领，技能,n1
素顔,すがお,素颜；原状，本色，真实面貌,n1
疾走,しっそう,疾驶，快跑,n1
機材,きざい,机械材料，机器和材料,n1
武術,ぶじゅつ,武术，武艺,n1
純,じゅん,纯洁，纯真，天真；纯,n1
粘膜,ねんまく,黏膜,n1
思い起こす,おもいおこす,想起，回忆起,n1
手腕,しゅわん,手腕，才干，才能，本事，本领,n1
生息,せいそく,生活，生存，栖息,n1
蛙[かえる],かえる,青蛙，蛤蟆,n1
買収,ばいしゅう,收购，购入；收买,n1
近辺,きんぺん,近处，附近，近旁,n1
装い,よそおい,装束，服装；装饰，修饰,n1
式典,しきてん,典礼，仪式,n1
亭主,ていしゅ,主人，老板；丈夫,n1
軌跡,きせき,轨迹，经历，历程,n1
保有,ほゆう,保有,n1
繁華街,はんかがい,闹市，繁华街,n1
行く末,ゆくすえ,将来，前途,n1
機密,きみつ,机密,n1
際限,さいげん,止境，尽头,n1
タッチ,touch,触，接触；涉及，参与；笔触；指法,n1
希少,きしょう,稀少，稀罕，罕见,n1
話し込む,はなしこむ,畅谈,n1
安物,やすもの,价格便宜，品质低劣的物品,n1
センサー,sensor,传感器，感应器,n1
目下,もっか,当前，目前，现在,n1
回線,かいせん,电路，回路，线路,n1
無償,むしょう,无偿；免费,n1
安泰,あんたい,安泰，安宁,n1
頼み込む,たのみこむ,一再请求，恳求,n1
うずめる,うずめる,埋，埋上；挤满，充塞,n1
人間性,にんげんせい,人性,n1
幕府,ばくふ,幕府,n1
僧侶,そうりょ,僧侣,n1
資材,しざい,资材，材料,n1
命がけ,いのちがけ,拼命，冒死，豁出性命,n1
満載,まんさい,满载，装满；登满,n1
縁,ふち,边，缘,n1
変質,へんしつ,变质；性格异常，精神变态,n1
昇格,しょうかく,晋升，升格，晋级,n1
モチーフ,(フ) motif,动机，中心思想，主题,n1
大多数,だいたすう,大多数，大部分,n1
脱落,だつらく,脱落，遗漏；脱离，退出,n1
備品,びひん,备品，备件,n1
安否,あんぴ,是否平安，安否,n1
残虐,ざんぎゃく,凶残，残暴，残忍,n1
最短,さいたん,最短,n1
シェフ,(フ) chef,厨师长，主厨,n1
連載,れんさい,连载，连续刊载,n1
酸味,さんみ,酸味,n1
復元,ふくげん,复原，恢复原状,n1
第一印象,だいいちいんしょう,第一印象，最初印象,n1
ギャラリー,gallery,画廊；观众，观览席,n1
カラフル,colorful,华丽，绚丽多彩,n1
パズル,puzzle,谜，智力测验题,n1
掘り起こす,ほりおこす,掘出；开垦土地；挖掘出来,n1
スパイス,spice,调味品，香料，调料,n1
折り合い,おりあい,妥协，让步；相处（的关系）,n1
口笛,くちぶえ,口哨,n1
平地,ひらち,平地，平川,n1
思いとどまる,おもいとどまる,打消主意，放弃念头,n1
ジェスチャー,gesture,姿态，姿势，手势；摆样子，作姿态,n1
かっと,かっと,忽然（旺盛或亮起来）；勃然大怒；猛然张大（眼睛、嘴巴）,n1
決め手,きめて,决定胜负或事物真假的最终方法、手段或根据；决定者,n1
排出,はいしゅつ,排出，排放,n1
改装,かいそう,改换装潢，装修,n1
白色,はくしょく,白色，白颜色,n1
不利益,ふりえき,没有利益，不利，亏损,n1
決別,けつべつ,诀别，告别,n1
奇抜,きばつ,奇特，新奇，出人意料，稀奇古怪,n1
セーブ,save,节省，节约；救球；（电脑）保存,n1
近況,きんきょう,近况,n1
羽毛,うもう,羽毛，绒毛,n1
実技,じつぎ,实际技巧，实际技术,n1
免疫,めんえき,免疫；习以为常，司空见惯,n1
美徳,びとく,美德,n1
誓約,せいやく,誓约，起誓，盟誓,n1
度重なる,たびかさなる,反复，接二连三,n1
奔放,ほんぽう,奔放,n1
清浄,せいじょう,清净，清洁,n1
適合,てきごう,适合，适应，符合,n1
蒸し返す,むしかえす,重蒸，回笼；旧事重提，老调重弹,n1
あさる,あさる,寻找食物；到处寻找；（接续动词的连用形）到处……,n1
思い違い,おもいちがい,想错，误会，误解,n1
周到,しゅうとう,周密，绵密，周全，周到,n1
ぎくしゃく,ぎくしゃく,不灵活，生硬，不融洽,n1
先手,せんて,先下手，抢先，先发制人,n1
演算,えんざん,演算，运算，计算,n1
物知り,ものしり,知识渊博（的人）,n1
残留,ざんりゅう,余留，留下，剩下,n1
排斥,はいせき,排斥，排挤，抵制,n1
使い込む,つかいこむ,挪用（公款）；超支；用熟,n1
思慮,しりょ,考虑，思虑,n1
事足りる,ことたりる,够用，足够,n1
庭先,にわさき,庭前,n1
謝礼,しゃれい,感谢，致谢，谢礼，礼物,n1
押収,おうしゅう,没收，查抄，扣押,n1
車窓,しゃそう,车窗,n1
厳選,げんせん,严选，严格挑选，精选,n1
技法,ぎほう,技术，技巧,n1
キャンバス,canvas,帆布；油画画布,n1
混入,こんにゅう,混入，掺进,n1
すごすご,すごすご,沮丧地，垂头丧气地，无精打采地,n1
蛾[が],が,蛾,n1
食いしん坊,くいしんぼう,嘴馋（的人），贪吃（的人）,n1
大自然,だいしぜん,大自然,n1
行程,こうてい,路程；旅程；冲程,n1
要注意,ようちゅうい,需要注意，要小心,n1
投手,とうしゅ,（棒球）投手,n1
敗退,はいたい,败退，（被）淘汰,n1
探求,たんきゅう,探求，寻求,n1
ミニ,mini,小型，微型，迷你型,n1
並々ならぬ,なみなみならぬ,非比寻常,n1
風雨,ふうう,风雨，暴风雨,n1
自給自足,じきゅうじそく,自给自足,n1
欲張る,よくばる,贪婪，贪得无厌,n1
飢餓,きが,饥饿,n1
下り坂,くだりざか,下坡；衰退，下降；（天气）转坏,n1
転機,てんき,转机，转折点,n1
定例,ていれい,常规，惯例；定例,n1
乗り心地,のりごこち,坐（交通工具等）的感觉,n1
駐在,ちゅうざい,驻在，驻；（「駐在所」の略）派出所,n1
資本主義,しほんしゅぎ,资本主义,n1
自然現象,しぜんげんしょう,自然现象,n1
ヘッドライト,headlight,车头灯，前灯,n1
故意,こい,故意；（法律）蓄意,n1
生誕,せいたん,诞生,n1
インスタント,instant,即席，速成,n1
原稿用紙,げんこうようし,稿纸,n1
辞任,じにん,辞职，辞任,n1
標高,ひょうこう,标高，海拔,n1
低学年,ていがくねん,（小学）一、二年级（的学生）,n1
山小屋,やまごや,（为登山者设置的）山中小屋，山中休息处,n1
極意,ごくい,（武道、艺术等）奥义，秘法,n1
推理小説,すいりしょうせつ,侦探小说，推理小说,n1
エキスパート,expert,专家，内行，行家,n1
浸水,しんすい,浸水,n1
均一,きんいつ,全部一样，均等，相等,n1
根絶,こんぜつ,根绝，消灭,n1
高騰,こうとう,（物价）暴涨，高涨,n1
転向,てんこう,转变方向，转变；背叛,n1
人件費,じんけんひ,人事费，劳务费，人员费用,n1
明るみ,あかるみ,光亮的地方；公开的地方，大庭广众之下,n1
立ち会い,たちあい,会同，在场,n1
スペア,spare,备件，备用品；（保龄球）头两个球把十个柱全打倒,n1
直観,ちょっかん,凭直觉进行观察，直观,n1
これ見よがし,これみよがし,得意洋洋地炫耀的样子,n1
救命,きゅうめい,救命，救生,n1
防水,ぼうすい,防水,n1
共生,きょうせい,共生，共栖,n1
一読,いちどく,读一次，念一遍,n1
ピッチ,pitch,一定时间内重复进行的动作次数；螺距；音调；（棒球）投球；足球场,n1
無色,むしょく,无色；中正,n1
三脚,さんきゃく,三脚架；三脚椅子,n1
哺乳類,ほにゅうるい,哺乳类,n1
魚類,ぎょるい,鱼类,n1
株主,かぶぬし,股东,n1
落選,らくせん,落选；没有（挑）选上,n1
角,つの,角，犄角；触角,n1
座禅,ざぜん,坐禅，打坐，打禅,n1
滑走,かっそう,滑行,n1
名曲,めいきょく,名曲,n1
設問,せつもん,出题，提问；提出的题目,n1
差し替える,さしかえる,更换，替换,n1
染色,せんしょく,染的色，上的色；染色，上色,n1
分化,ぶんか,分化,n1
産卵,さんらん,产卵,n1
固形,こけい,固形，固体,n1
古都,こと,故都，古都,n1
字幕,じまく,字幕,n1
寄席,よせ,曲艺场，说书场，杂技场,n1
過不足,かふそく,过与不足，多或少,n1
書体,しょたい,字体；书写风格,n1
死語,しご,已不使用的语言，已过时的词汇,n1
組み入れる,くみいれる,列入，编入，纳入,n1
作詞,さくし,作词，作歌词,n1
軟体動物,なんたいどうぶつ,软体动物,n1
夏季,かき,夏季,n1
骨折り,ほねおり,努力，辛苦，尽力,n1
一端,いったん,一端，一头；一部分，一端,n1
飼料,しりょう,饲料,n1
合理化,ごうりか,合理化,n1
燕[つばめ],つばめ,燕子,n1
屏[びょう]風,びょうぶ,屏风,n1
キャッチフレーズ,catchphrase,（广告等的）吸引人注意的词句,n1
製紙,せいし,造纸,n1
山並み,やまなみ,山脉，连山,n1
サーキット,circuit,电路，回路；环状跑道,n1
営利,えいり,营利，谋利,n1
無免許,むめんきょ,无执照,n1
社会保障,しゃかいほしょう,社会保障,n1
くれぐれも,くれぐれも,再三叮嘱，再三劝告,n1
継ぎ,つぎ,缝补，补丁,n1
石器,せっき,石器,n1
地域社会,ちいきしゃかい,地区性社会,n1
外来語,がいらいご,外来语,n1
集中豪雨,しゅうちゅうごうう,集中性暴雨,n1
所要,しょよう,所要，所需,n1
上の空,うわのそら,心不在焉，漫不经心,n1
生鮮,せいせん,新鲜，生鲜,n1
生物[なまもの],なまもの,生鲜食品,n1
適[かな]える,かなえる,使……合适,n1
やあ,やあ,（惊讶时或呼唤时）呀，哎呀；喂，啊,n1
顔面,がんめん,脸，面部,n1
絶叫,ぜっきょう,大声疾呼，拼命喊叫,n1
凝視,ぎょうし,凝视，注视,n1
探索,たんさく,探索，搜寻,n1
誇らしい,ほこらしい,洋洋得意，自豪，骄傲,n1
欲する,ほっする,希望，想要，想做,n1
言うまでもない,いうまでもない,不言自明,n1
賭け,かけ,赌，赌博；（比喻）孤注一掷,n1
他人事,ひとごと,别人的事,n1
ストレート,straight,直，一直；直接,n1
ぴたり,ぴたり,突然停止；紧贴；完全吻合，准确无误,n1
偽り,いつわり,假，虚伪，不真实,n1
あったかい,あったかい,暖和的；温暖的,n1
侮る,あなどる,轻视，小看,n1
やり過ごす,やりすごす,让后来的人先走；做得过头,n1
ヒロイン,heroine,女主人公,n1
足止め,あしどめ,禁止外出，禁闭,n1
戦慄,せんりつ,战栗，颤抖,n1
携える,たずさえる,携，携带；偕同；携手,n1
足手まとい,あしでまとい,累赘，包袱，碍手碍脚,n1
亀,かめ,龟，乌龟，海龟,n1
世間話,せけんばなし,闲聊，闲谈,n1
村長,そんちょう,村长,n1
躍る,おどる,跳跃；心跳加速,n1
赤面,せきめん,脸红，惭愧，害羞,n1
分身,ぶんしん,分身,n1
さいなむ,さいなむ,虐待，折磨，使苦恼,n1
胸中,きょうちゅう,胸中，内心,n1
士気,しき,士气；热情，干劲,n1
散乱,さんらん,散乱，零乱；散射,n1
あどけない,あどけない,天真，天真无邪，天真烂漫，孩子气,n1
アスファルト,asphalt,沥青，柏油,n1
ブラック,black,黑，黑色；黑咖啡；（构成复合词）黑暗的，非法的,n1
見いだす,みいだす,找出，看出，发掘,n1
お互い様,おたがいさま,彼此彼此，彼此一样,n1
いち早く,いちはやく,很快地，迅速地，飞快地，马上,n1
力尽きる,ちからつきる,力竭,n1
寛大,かんだい,宽大，宽容,n1
気迫,きはく,气魄，气概，气势,n1
一片,いっぺん,一片，一张；一点,n1
謳[うた]う,うたう,讴歌，颂扬；主张，强调,n1
切羽詰まる,せっぱつまる,紧迫，紧急,n1
さばく,さばく,销售，推销；理整齐，弄好；妥善料理，出色地处理，操纵,n1
報い,むくい,报应；报酬，酬劳,n1
名案,めいあん,好主意，好设想,n1
確固,かっこ,坚定，坚决，断然,n1
芸当,げいとう,（杂技等）技艺；（一般人做不到的）绝技,n1
生まれながら,うまれながら,天生，生来,n1
敬愛,けいあい,敬爱,n1
愛想笑い,あいそわらい,陪笑脸，谄笑,n1
ひっきりなし,ひっきりなし,接连不断地,n1
劣化,れっか,劣化，退化，变坏,n1
ドクター,doctor,医生；博士,n1
誤算,ごさん,算错；估计错误,n1
フレーム,frame,框，架,n1
見くびる,みくびる,轻视，小看，看不起,n1
収拾,しゅうしゅう,收拾，整顿,n1
レーダー,radar,雷达,n1
入り組む,いりくむ,错综复杂，互相纠缠，头绪纷繁,n1
負けず嫌い,まけずぎらい,好强，不认输,n1
住処,すみか,住处，家；巢穴，坏人聚集的地方,n1
一軒家,いっけんや,孤立的房屋；独栋房屋，一户建,n1
うねり,うねり,蜿蜒，起伏；汹涌的浪涛,n1
先んじる,さきんじる,抢先,n1
江戸時代,えどじだい,（1603年～1867年）江户时代,n1
表立つ,おもてだつ,公开出来，暴露出来,n1
筋書き,すじがき,梗概，情节，概要；计划，预想,n1
いじける,いじける,畏缩，无精打采；乖僻，消极,n1
圏内,けんない,范围以内，圈子里,n1
最高潮,さいこうちょう,最高潮，最高峰,n1
キャップ,cap,无檐帽；笔帽；瓶盖,n1
繭,まゆ,茧；蚕茧,n1
力仕事,ちからしごと,体力劳动，力气活,n1
咲き誇る,さきほこる,（花）盛开，灿烂地开,n1
一存,いちぞん,自己个人的意见,n1
寂れる,さびれる,萧条，冷落，凋零，衰败,n1
追従,ついじゅう,追随，迎合,n1
齢[よわい],よわい,年龄，年纪,n1
子細,しさい,仔细，详细；详情，缘由；障碍，妨碍,n1
受け売り,うけうり,承销，转卖，零售；现学现卖，听话学话,n1
有り余る,ありあまる,过多，富余,n1
嚙[か]み付く,かみつく,咬住；猛烈地反驳,n1
秘 訣[けつ],ひけつ,秘诀，窍门,n1
心もとない,こころもとない,靠不住，不放心,n1
最下位,さいかい,最低的位次，末尾,n1
派生,はせい,派生，衍生,n1
流れ星,ながれぼし,流星,n1
虚構,きょこう,虚构，假设；虚假,n1
苦境,くきょう,艰苦的境遇，困境,n1
船乗り,ふなのり,船员，海员，水手,n1
お好み焼き,おこのみやき,大阪烧，御好烧,n1
めぼしい,めぼしい,显著，出色，较好，像样,n1
長話,ながばなし,长谈，久谈,n1
付随,ふずい,附随，随带,n1
挿絵,さしえ,（报纸、杂志、书籍等的）插图,n1
ハウス,house,（构成复合词）房屋，住宅；（「ビニールハウス」の略）温室,n1
陰影,いんえい,影子，阴影；含蓄，耐人寻味,n1
長靴,ながぐつ,靴子，长筒靴,n1
犬歯,けんし,犬齿，犬牙,n1
潤沢,じゅんたく,丰富，充裕；润泽,n1
圧巻,あっかん,精华部分，压卷，最精彩的部分,n1
手痛い,ていたい,重大，严重，沉重,n1
不登校,ふとうこう,（学生因心理原因等）不上学,n1
軒下,のきした,屋檐下,n1
包容力,ほうようりょく,度量，肚量,n1
擦り寄る,すりよる,贴近，靠近,n1
せんべい,せんべい,烤米饼，仙贝,n1
珊瑚[さんご],さんご,珊瑚,n1
出来栄え,できばえ,做出的结果,n1
悪戦苦闘,あくせんくとう,苦战恶斗,n1
いそしむ,いそしむ,勤奋，勤勉，努力,n1
腐食,ふしょく,腐蚀，侵蚀,n1
不出来,ふでき,做得不好；收成不好,n1
半生,はんせい,半生，半辈子,n1
喜怒哀楽,きどあいらく,喜怒哀乐,n1
絹糸,きぬいと,丝线,n1
及び腰,およびごし,弯（下）腰；姿态不稳，态度暧昧,n1
上辺,うわべ,表面，外表，外观,n1
のこぎり,のこぎり,锯,n1
暫定,ざんてい,暂定，临时规定,n1
手荷物,てにもつ,随身携带的东西，随身行李,n1
わしづかみ,わしづかみ,猛抓，大把抓,n1
疑[うたぐ]り深い,うたぐりぶかい,多疑,n1
堰[せき],せき,拦河坝，堰堤,n1
苦言,くげん,忠言，忠告，劝告,n1
長持ち,ながもち,耐用，持久；带盖的长方形衣箱,n1
自画自賛,じがじさん,自卖自夸,n1
入学試験,にゅうがくしけん,入学考试,n1
滋養,じよう,滋养，营养，养分,n1
一新,いっしん,一新，刷新，革新,n1
博する,はくする,博得，获得，赢得,n1
一次,いちじ,初次，第一次；一次，线性,n1
銀杏[いちょう],いちょう,银杏,n1
古書,こしょ,古书；旧书,n1
鶯[うぐいす],うぐいす,莺；歌喉好的人,n1
底力,そこぢから,潜力，底力，深厚的力量,n1
手なずける,てなずける,驯服；使归服，使顺从，使就范,n1
雁[がん],がん,雁，大雁,n1
焦げ臭い,こげくさい,煳味,n1
ひねり出す,ひねりだす,（绞尽脑汁）想出；（千方百计地）筹措,n1
後手,ごて,被动，落后,n1
覆い,おおい,覆盖（物），罩（子），套（子）,n1
取捨選択,しゅしゃせんたく,取舍选择,n1
厳正,げんせい,严正，严格,n1
血気,けっき,血气，意气，热情,n1
躍進,やくしん,跃进，飞跃的进展,n1
啓 蒙[もう],けいもう,启蒙，启发,n1
風当たり,かぜあたり,风势，风力（强）；招风，受非难，受责难,n1
イントネーション,intonation,声调，语调，抑扬,n1
雪景色,ゆきげしき,雪景,n1
即断,そくだん,立断，立即决定,n1
山場,やまば,高潮，顶点，最高峰,n1
聞き分け,ききわけ,听懂，听话,n1
コアラ,koala,树袋熊，考拉,n1
親元,おやもと,父母的家，父母住的地方,n1
土着,どちゃく,定居,n1
予断,よだん,预先判断,n1
反問,はんもん,反问,n1
幕 間[あい],まくあい,（戏剧的）幕间（休息）,n1
世界遺産,せかいいさん,世界遗产,n1
はけ口,はけぐち,排水口；销路；发泄,n1
計上,けいじょう,计入，列入,n1
骨折る,ほねおる,费心，费劲；尽力，出力,n1
ぬか喜び,ぬかよろこび,空欢喜，希望落空,n1
乱用,らんよう,滥用，挪用,n1
放任,ほうにん,放任（自流）,n1
湿地,しっち,湿地,n1
原画,げんが,原画,n1
甲虫,こうちゅう,甲虫,n1
修養,しゅうよう,修养,n1
傾聴,けいちょう,倾听，谨听，洗耳恭听,n1
回顧,かいこ,回顾，回忆，回想,n1
蒸気機関車,じょうききかんしゃ,蒸汽机车,n1
数え上げる,かぞえあげる,（一一）数出来，列举，枚举,n1
滑り出し,すべりだし,滑起；开始,n1
消費税,しょうひぜい,消费税,n1
かす,かす,沉淀，渣滓；无用的东西，人渣,n1
取り交わす,とりかわす,交换，互换,n1
大脳,だいのう,大脑,n1
知ったかぶり,しったかぶり,不懂装懂，冒充内行（的人）,n1
通説,つうせつ,一般的说法，共同的论调,n1
文才,ぶんさい,文才，文学上的才能,n1
換言,かんげん,换句话说,n1
既定,きてい,既定,n1
老木,ろうぼく,老树，古树,n1
気運,きうん,趋势，形势，局势,n1
原生林,げんせいりん,原始林；原生林,n1
博学,はくがく,博学,n1
種まき,たねまき,播种，撒播,n1
啓発,けいはつ,启发，启蒙,n1
天の 邪鬼[じゃく],あまのじゃく,脾气别扭（的人），性情乖僻（的人）,n1
漁場,ぎょじょう,渔场,n1
濾[こ]す,こす,滤，过滤,n1
伸べる,のべる,伸出,n1
憩う,いこう,休息，消遣,n1
のけ者,のけもの,被排挤（出去）的人，外人，异己分子,n1
氷山の一角,ひょうざんのいっかく,冰山一角；整个事物中显露出来的一小部分,n1
現住所,げんじゅうしょ,现住址,n1
冬枯れ,ふゆがれ,冬季草木枯萎的凄凉景象；冬天的淡季,n1
暗礁,あんしょう,暗礁；意外的障碍,n1
自任,じにん,以……自居,n1
助成,じょせい,助成，扶助，促进，推动,n1
外来種,がいらいしゅ,外来物种,n1
水墨画,すいぼくが,水墨画,n1
もっともらしい,もっともらしい,好像很有道理，好像很正经，煞有介事,n1
一本調子,いっぽんぢょうし,单调,n1
文筆,ぶんぴつ,文笔,n1
力点,りきてん,力点；重点，着重点,n1
屈従,くつじゅう,屈服，屈从，服从,n1
筋立て,すじだて,梗概,n1
功罪,こうざい,功罪,n1
デモクラシー,democracy,民主，民主主义,n1
成育,せいいく,成长，发育，生长,n1
新説,しんせつ,新学说,n1
孵[かえ]す,かえす,孵，孵化,n1
知名,ちめい,有名，出名,n1
ソフトウエア,software,软件,n1
筆遣い,ふでづかい,运笔；笔法，写法,n1
国立公園,こくりつこうえん,国家公园,n1
修飾語,しゅうしょくご,修饰语,n1
草分け,くさわけ,开垦荒地（的人）；开拓（者），先驱（者）,n1
黄葉,こうよう,黄树叶,n1
里山,さとやま,靠近村庄的山，后山,n1
名勝,めいしょう,名胜,n1
メタンガス,(ド) Methangas,沼气，甲烷,n1
利器,りき,锐利的武器；利器，便利的工具,n1
タンザニア,Tanzania,坦桑尼亚,n1
姉妹都市,しまいとし,姐妹城市,n1
色刷り,いろずり,彩色印刷,n1
ロープウエー,ロープウエー,（空中）索道,n1
口やかましい,くちやかましい,（对小事）喋喋不休,n1
敬老の日,けいろうのひ,敬老节,n1
繰り越す,くりこす,转入，拨归，结转,n1
緑陰,りょくいん,绿阴,n1
学齢,がくれい,（六至十五岁）义务教育的年龄；（应该进入小学的）学龄,n1
罰,ばち,报应,n1
真摯,しんし,真挚，认真，一丝不苟,n1
対価,たいか,代价，等价报酬，补偿，对价,n1
補完,ほかん,（将不足的部分）补充（完整）,n1
史料,しりょう,史料，历史材料；资料,n1
捨象,しゃしょう,（抽象时）舍弃，舍去表面现象，抽象,n1
表象,ひょうしょう,表象；象征,n1
初頭,しょとう,初，初期,n1
偏狭,へんきょう,狭小，狭窄；（心胸）狭窄，气量小,n1
弊店,へいてん,敝店,n1
過当,かとう,过当，过分,n1
大過,たいか,大过错，严重错误,n1
叢[そう]生,そうせい,簇生，丛生,n1
分明,ぶんめい,清楚，分明,n1
可視,かし,可见,n1
浮遊,ふゆう,浮游，漂浮,n1
至高,しこう,至高，最高,n1
手跡,しゅせき,笔迹,n1
原初,げんしょ,最初，开始，原本,n1
県外,けんがい,县外,n1
考究,こうきゅう,研究，钻研,n1
恒常,こうじょう,恒常,n1
強迫,きょうはく,强迫，逼迫，强逼,n1
饗[きょう]宴,きょうえん,飨宴，盛宴,n1
政争,せいそう,政治斗争，争夺政权,n1
常勝,じょうしょう,常胜,n1
生起,せいき,发生，产生,n1
不適,ふてき,不适当，不合适,n1
最速,さいそく,最快,n1
生成,せいせい,生成，产生，形成,n1
厭[えん]世,えんせい,厌世，悲观,n1
自戒,じかい,自戒，自我警惕,n1
前面,ぜんめん,前面，前头,n1
変調,へんちょう,情况异常，不正常，故障,n1
理容,りよう,理发和美容,n1
発症,はっしょう,发病,n1
試算,しさん,估算，概算；检算，验算,n1
光 芒[ぼう],こうぼう,光芒,n1
閉校,へいこう,（学校）停课；（学校）停办,n1
警鐘,けいしょう,警钟,n1
充てる,あてる,把……充当，作为……用,n1
植生,しょくせい,植被,n1
内的,ないてき,内在的；内心的,n1
速読,そくどく,速读,n1
税率,ぜいりつ,税率,n1
誘発,ゆうはつ,引起，诱发,n1
素読,そどく,（不去理解意思只照字面）朗读,n1
前頭葉,ぜんとうよう,前额叶,n1
出自,しゅつじ,出身,n1
株価,かぶか,股价,n1
雑食,ざっしょく,吃多种食物，杂食,n1
補塡,ほてん,填补，补贴，补偿,n1
ムンバイ,Mumbai,（印度城市）孟买,n1
習い事,ならいごと,技艺，技术，学东西,n1
デフォルト,default,默认，缺省；基本状态,n1
ネガティブ,negative,否定的；消极的,n1
出展,しゅってん,展出,n1
配信,はいしん,发稿，发新闻；（通过网络）传送，播放,n1
直送,ちょくそう,直接输送,n1
休会,きゅうかい,休会,n1
品数,しなかず,物品的数量；物品的种类,n1
完売,かんばい,卖光，售完,n1
外装,がいそう,外包装；外部装修,n1
芸能人,げいのうじん,艺人,n1
駆け出し,かけだし,新手，初出茅庐,n1
ときめき,ときめき,心跳,n1
形質,けいしつ,形态和实质；性状，特性,n1
論敵,ろんてき,论敌,n1
血肉,けつにく,血和肉；骨肉至亲，父母兄弟,n1
内在,ないざい,内在，固有,n1
野放図,のほうず,散漫放纵，肆无忌惮；漫无边际,n1
一役,ひとやく,一项任务，一个工作,n1
資本金,しほんきん,资本金，本钱,n1
乗り上げる,のりあげる,触礁，搁浅,n1
生存権,せいぞんけん,生存权，生存的权利,n1
原生,げんせい,原生，原始,n1
ゆりかご,ゆりかご,摇篮,n1
マルチタスク,multitask,同时进行多项作业；（计算机）多任务,n1
コンセンサス,consensus,意见一致，共识,n1
性善説,せいぜんせつ,（孟子提出的）性善说,n1
堅 牢[ろう],けんろう,坚牢，坚固，牢固,n1
原資,げんし,资金，资本金；财政投资、融资的资金来源,n1
暗然,あんぜん,黯然,n1
情報公開,じょうほうこうかい,公开性，信息公开,n1
独り歩き,ひとりあるき,一个人走路；自立，独立；（事态不随当事人意愿）自动发展,n1
農林,のうりん,农林，农业和林业,n1
飯炊き,めしたき,做饭；做饭的人，大师傅，炊事员,n1
調練,ちょうれん,训练，操练，练兵,n1
しらじら,しらじら,（东方）发白；（看起来）白白的,n1
ぺこり,ぺこり,点头行礼,n1
欲求不満,よっきゅうふまん,欲望尚未满足，希望没有实现,n1
退路,たいろ,退路，后路，逃路,n1
取り結ぶ,とりむすぶ,缔结，订立；撮合；讨好,n1
拙著,せっちょ,（对自己著作的谦称）拙著,n1
揺れ動く,ゆれうごく,摇晃；动摇,n1
部位,ぶい,部分，部位,n1
型どおり,かたどおり,（平凡、守旧的）照例，老一套,n1
ともすれば,ともすれば,往往，每每，动不动（就）,n1
印象づける,いんしょうづける,给以深刻印象,n1
認証,にんしょう,（由官方）认证；确认，认证,n1
絶え間,たえま,间隙；空隙,n1
底意地,そこいじ,心眼，心肠,n1
善玉,ぜんだま,好人，正派角色,n1
悪玉,あくだま,坏人，反派角色,n1
種苗,しゅびょう,（植物的）种和苗；鱼苗,n1
自己嫌悪,じこけんお,自我嫌恶，自我厌弃,n1
哺乳動物,ほにゅうどうぶつ,哺乳动物,n1
ごつん,ごつん,（坚硬物体猛烈撞击）砰,n1
指標,しひょう,指标，目标，标识,n1
部分的,ぶぶんてき,部分,n1
規則的,きそくてき,有规则，规规矩矩,n1
空洞化,くうどうか,空心化，空洞化,n1
伸び伸び,のびのび,舒展状，自由轻松状,n1
反射的,はんしゃてき,反射性的,n1
必然的,ひつぜんてき,必然的,n1
道理,どうり,道理,n1
報う,むくう,报偿，报答；报复,n1
理性的,りせいてき,理性的，理智的,n1
積極性,せっきょくせい,积极性,n1
べったり,べったり,紧紧黏上；过度纠缠或跟随的样子；一屁股坐下,n1
身になる,みになる,（「…の身になる」の形で）设身处地，为他人着想；有营养,n1
実質的,じっしつてき,有实质的，有实际内容；实际上，实质上,n1
意欲的,いよくてき,热情高涨地，积极主动地,n1
客観性,きゃっかんせい,客观性,n1
〜丼,〜どん,（作为菜名的一部分的）盖浇饭,n1
自主規制,じしゅきせい,为了避免来自他人的批评、攻击或公权力的干预等，而自行限制活动或表达,n1
自主的,じしゅてき,自主，主动,n1
先約,せんやく,以前的承诺；事先有约，已有安排,n1
抽象化,ちゅうしょうか,抽象化,n1
洗い物,あらいもの,要洗的东西；洗东西,n1
こがね色,こがねいろ,金黄色,n1
衝動買い,しょうどうがい,冲动性消费,n1
買って出る,かってでる,主动承担（某事）,n1
ウエイト,weight,重量，（特指）体重；重要性，重点,n1
びしばし,びしばし,用鞭子抽打；毫不留情，严厉,n1
棲[す]み分け,すみわけ,分栖，生境分化；（有竞争关系的事物）各占一席，错位发展,n1
熟成,じゅくせい,充分成熟；熟成,n1
最たる,さいたる,最甚的，最典型的,n1
疑似,ぎじ,（与真品相似到难以区分）疑似，假设，虚拟,n1
寒冷,かんれい,寒冷,n1
頑迷,がんめい,冥顽，顽固,n1
誤 謬[びゅう],ごびゅう,错误，谬误,n1
律儀,りちぎ,忠实，诚实，正直,n1
すっ飛ばす,すっとばす,飞跑，疾驰；跳过中间部分,n1
ぽんぽん,ぽんぽん,砰砰，咚咚；直言不讳,n1
読了,どくりょう,读完,n1
ナルシスト,narcist,自恋狂,n1
呆[あき]れ果てる,あきれはてる,十分惊讶，惊讶到极点,n1
全き,まったき,完全，完美,n1
たたえる,たたえる,赞扬，称赞，夸奖，表彰,n1
ほっとく,ほっとく,置之不理，放下不做，丢开不管,n1
ばっと,ばっと,一口气洒出，一下子扩散开,n1
すけべ,すけべ,好色（的人）,n1
上意下達,じょういかたつ,上情下达,n1
おぼしい,おぼしい,（「…とおぼしい」 「…とおぼしき」の形で）好像是，总觉得,n1
同義,どうぎ,同义,n1
押し殺す,おしころす,压死；抑制，憋住,n1
植え替える,うえかえる,移植,n1
粒状,りゅうじょう,粒状，颗粒状,n1
脱却,だっきゃく,摆脱，抛弃（不好的东西）；逃出，脱离（不好的状态）,n1
まろやか,まろやか,（形状）圆，圆润；（味道）醇和，醇厚,n1
崇高,すうこう,崇高，高尚,n1
見向き,みむき,回头看，理睬,n1
対照的,たいしょうてき,对比鲜明，正相反,n1
ブログ,blog,博客,n1
卓越,たくえつ,卓越，超群,n1
前々,まえまえ,早就，（很久）以前,n1
あめんぼ,あめんぼ,水黾,n1
いたずら書き,いたずらがき,乱涂乱画，涂鸦,n1
イデオロギー,(ド) Ideologie,意识形态，思想体系,n1
イラストレーター,illustrator,插画家,n1
インセンティブ,incentive,激励；销售奖金,n1
クオリア,qualia,感质,n1
コメンテーター,commentator,（新闻）评论员,n1
コンプライアンス,compliance,依从；合规，遵从法规,n1
ジェンダー,gender,社会性别,n1
シナジー,synergy,协同作用，协作效应,n1
スーパーコンピューター,スーパーコンピューター,超级计算机,n1
ステレオタイプ,stereotype,（印刷）铅板；格式化，千篇一律，墨守成规,n1
ストール,stole,（女用）披肩，围巾,n1
スピーディー,speedy,迅速，敏捷,n1
とろみ,とろみ,（勾芡后的）黏糊状（汤汁）,n1
ネーミング,naming,命名，起名,n1
ノスタルジー,(フ) nostalgie,怀旧，乡愁,n1
ハイエナ,hyena,鬣狗；投机者，机会主义者,n1
フリーランス,free lance,自由职业者,n1
ベンチャー,venture,风险，投机,n1
メソッド,method,方法，方式,n1
物言い,ものいい,说话方式，措辞；异议；争吵，争论,n1
リーグ,league,联盟，联赛,n1
リピーター,repeater,回头客,n1
依拠,いきょ,依据，根据,n1
移ろい,うつろい,变迁，变化,n1
一案,いちあん,一个方案，一个办法,n1
一丸,いちがん,（「一丸となる」の形で）一团，团结一致,n1
一矢,いっし,一支箭,n1
溢[あふ]れ返る,あふれかえる,充满，挤满,n1
因子,いんし,因素，因子,n1
引きこもり,ひきこもり,闭门不出，宅在家里的人，蛰居,n1
院長,いんちょう,（医院等“院”的）院长,n1
営為,えいい,营，经营,n1
押印,おういん,盖章,n1
介在,かいざい,介在，介于……之间,n1
怪訝[けげん],けげん,奇怪，诧异，疑惑,n1
確執,かくしつ,固执己见；不和，嫌隙，龃龉,n1
学際,がくさい,学际，跨学科,n1
願い事,ねがいごと,（特指向神佛祈愿的）愿望，心愿,n1
嬉々,きき,兴致勃勃地，欢快地,n1
忌み嫌う,いみきらう,厌恶，嫌恶,n1
忌避,きひ,忌避，规避，逃避；（法律）回避,n1
気負い,きおい,勇猛，气势,n1
仇[あだ],あだ,仇人；仇恨；报复；危害,n1
苦役,くえき,苦役，艰苦的劳动,n1
空欄,くうらん,空栏，空白处,n1
屈託,くったく,担心，操心；厌倦，无聊,n1
研 鑽[さん],けんさん,钻研，研究,n1
見開く,みひらく,睁大眼睛,n1
厚み,あつみ,厚度；厚实感，深度,n1
再読,さいどく,再读，重读,n1
再編,さいへん,重编，重组，再编,n1
裁き,さばき,裁断，判决，裁定,n1
擦り抜ける,すりぬける,穿过，钻过；躲过，混过,n1
仕事柄,しごとがら,就职业而言，因工作性质,n1
姿形,すがたかたち,容貌，容姿,n1
実相,じっそう,真实情况，本来面貌,n1
実像,じつぞう,真实面貌；实像,n1
主因,しゅいん,主要原因，主因,n1
主軸,しゅじく,主轴；中心人物，中心力量,n1
就労,しゅうろう,就业,n1
臭腺,しゅうせん,臭腺,n1
峻[しゅん]厳,しゅんげん,严峻，严厉,n1
書き足す,かきたす,补写，添写,n1
小品,しょうひん,短篇，短小作品；小品文,n1
常駐,じょうちゅう,常驻,n1
譲り合う,ゆずりあう,互相礼让,n1
食感,しょっかん,口感，食感,n1
生まれ落ちる,うまれおちる,出生，降生,n1
切り替え,きりかえ,切换，转换,n1
先延ばし,さきのばし,拖延，搁置,n1
戦隊,せんたい,小型舰队，支队,n1
選び取る,えらびとる,选出，挑选,n1
疎通,そつう,疏通，沟通,n1
属性,ぞくせい,属性，特征,n1
存じ上げる,ぞんじあげる,知道,n1
大枠,おおわく,大致的框架,n1
統御,とうぎょ,统治，驾驭，凌驾,n1
特化,とっか,特化,n1
排卵,はいらん,排卵,n1
発動,はつどう,发动；启动；行使,n1
皮相,ひそう,肤浅，浅薄；表面,n1
飛び乗る,とびのる,跳上；跳上车,n1
微々,びび,微少，些微,n1
表層,ひょうそう,表层,n1
舞い落ちる,まいおちる,飘落，纷纷落下,n1
部材,ぶざい,（建筑）部件，构件，材料,n1
復権,ふっけん,复权，恢复权力,n1
物の 怪[け],もののけ,妖怪，鬼怪,n1
分かれ道,わかれみち,岔路口；分岔点，转折点,n1
変貌,へんぼう,巨变，大变貌,n1
捕食,ほしょく,捕食,n1
母語,ぼご,母语,n1
母性,ぼせい,母性，母爱,n1
包摂,ほうせつ,内涵，包容,n1
方略,ほうりゃく,方略，策略,n1
凡庸,ぼんよう,平庸,n1
万が一,まんがいち,万一,n1
猛省,もうせい,深刻反省,n1
黙する,もくする,沉默,n1
誘引,ゆういん,引诱,n1
揚げ足を取る,あげあしをとる,挑毛病，吹毛求疵,n1
来し方,こしかた,过去，以往，路过的地方,n1
落とし所,おとしどころ,（双方都满意的）妥协点，折中方案,n1
流し目,ながしめ,斜眼看；含情脉脉的一瞥,n1
連関,れんかん,关联,n1
俯瞰[ふかん],ふかん,俯瞰，俯视,n1
嗅ぎ取る,かぎとる,嗅出；察觉,n1
揶揄[やゆ],やゆ,嘲弄，讥讽，揶揄,n1
籠城,ろうじょう,固守城池；闭门不出,n1
茫[ぼう]漠,ぼうばく,广漠，辽阔；模糊，渺茫,n1
軋轢[あつれき],あつれき,龃龉，摩擦，冲突,n1
闊[かっ]達,かったつ,豁达，开阔,n1
隘[あい]路,あいろ,隘路，狭路；难关，障碍,n1
